iterative,1,100,0:0:0.12
iterative,1,101,0:0:0.8
iterative,1,102,0:0:0.9
iterative,1,103,0:0:0.9
iterative,1,104,0:0:0.8
iterative,1,105,0:0:0.9
iterative,1,106,0:0:0.9
iterative,1,107,0:0:0.9
iterative,1,108,0:0:0.9
iterative,1,109,0:0:0.9
iterative,1,110,0:0:0.13
iterative,1,111,0:0:0.10
iterative,1,112,0:0:0.10
iterative,1,113,0:0:0.11
iterative,1,114,0:0:0.11
iterative,1,115,0:0:0.11
iterative,1,116,0:0:0.12
iterative,1,117,0:0:0.12
iterative,1,118,0:0:0.12
iterative,1,119,0:0:0.12
iterative,1,120,0:0:0.12
iterative,1,121,0:0:0.13
iterative,1,122,0:0:0.13
iterative,1,123,0:0:0.14
iterative,1,124,0:0:0.13
iterative,1,125,0:0:0.13
iterative,1,126,0:0:0.17
iterative,1,127,0:0:0.15
iterative,1,128,0:0:0.15
iterative,1,129,0:0:0.15
iterative,1,132,0:0:0.17
iterative,1,135,0:0:0.17
iterative,1,138,0:0:0.19
iterative,1,141,0:0:0.19
iterative,1,144,0:0:0.24
iterative,1,147,0:0:0.25
iterative,1,150,0:0:0.26
iterative,1,153,0:0:0.26
iterative,1,156,0:0:0.31
iterative,1,159,0:0:0.29
iterative,1,162,0:0:0.30
iterative,1,165,0:0:0.31
iterative,1,168,0:0:0.39
iterative,1,171,0:0:0.37
iterative,1,174,0:0:0.36
iterative,1,177,0:0:0.41
iterative,1,180,0:0:0.43
iterative,1,183,0:0:0.48
iterative,1,186,0:0:0.49
iterative,1,189,0:0:0.50
iterative,1,192,0:0:0.60
iterative,1,195,0:0:0.55
iterative,1,198,0:0:0.57
iterative,1,201,0:0:0.90
iterative,1,204,0:0:0.73
iterative,1,207,0:0:0.106
iterative,1,210,0:0:0.76
iterative,1,213,0:0:0.77
iterative,1,216,0:0:0.88
iterative,1,219,0:0:0.105
iterative,1,222,0:0:0.97
iterative,1,225,0:0:0.97
iterative,1,228,0:0:0.96
iterative,1,231,0:0:0.103
iterative,1,234,0:0:0.101
iterative,1,237,0:0:0.127
iterative,1,240,0:0:0.122
iterative,1,243,0:0:0.127
iterative,1,246,0:0:0.120
iterative,1,249,0:0:0.136
iterative,1,30,0:0:0.1
iterative,1,31,0:0:0.1
iterative,1,32,0:0:0.2
iterative,1,33,0:0:0.1
iterative,1,34,0:0:0.1
iterative,1,35,0:0:0.1
iterative,1,36,0:0:0.1
iterative,1,37,0:0:0.1
iterative,1,38,0:0:0.2
iterative,1,39,0:0:0.2
iterative,1,40,0:0:0.2
iterative,1,41,0:0:0.2
iterative,1,42,0:0:0.2
iterative,1,43,0:0:0.1
iterative,1,44,0:0:0.2
iterative,1,45,0:0:0.2
iterative,1,46,0:0:0.2
iterative,1,47,0:0:0.2
iterative,1,48,0:0:0.2
iterative,1,49,0:0:0.2
iterative,1,50,0:0:0.2
iterative,1,51,0:0:0.3
iterative,1,52,0:0:0.2
iterative,1,53,0:0:0.2
iterative,1,54,0:0:0.2
iterative,1,55,0:0:0.2
iterative,1,56,0:0:0.2
iterative,1,57,0:0:0.2
iterative,1,58,0:0:0.2
iterative,1,59,0:0:0.3
iterative,1,60,0:0:0.2
iterative,1,61,0:0:0.3
iterative,1,62,0:0:0.3
iterative,1,63,0:0:0.4
iterative,1,64,0:0:0.3
iterative,1,65,0:0:0.3
iterative,1,66,0:0:0.3
iterative,1,67,0:0:0.4
iterative,1,68,0:0:0.3
iterative,1,69,0:0:0.3
iterative,1,70,0:0:0.3
iterative,1,71,0:0:0.3
iterative,1,72,0:0:0.3
iterative,1,73,0:0:0.3
iterative,1,74,0:0:0.4
iterative,1,75,0:0:0.4
iterative,1,76,0:0:0.5
iterative,1,77,0:0:0.4
iterative,1,78,0:0:0.4
iterative,1,79,0:0:0.5
iterative,1,80,0:0:0.4
iterative,1,81,0:0:0.5
iterative,1,82,0:0:0.5
iterative,1,83,0:0:0.5
iterative,1,84,0:0:0.6
iterative,1,85,0:0:0.5
iterative,1,86,0:0:0.5
iterative,1,87,0:0:0.5
iterative,1,88,0:0:0.5
iterative,1,89,0:0:0.6
iterative,1,90,0:0:0.6
iterative,1,91,0:0:0.7
iterative,1,92,0:0:0.6
iterative,1,93,0:0:0.6
iterative,1,94,0:0:0.7
iterative,1,95,0:0:0.7
iterative,1,96,0:0:0.7
iterative,1,97,0:0:0.8
iterative,1,98,0:0:0.7
iterative,1,99,0:0:0.8
Strassen,1,100,0:0:1.1334
Strassen,1,101,0:0:1.1458
Strassen,1,102,0:0:1.1416
Strassen,1,103,0:0:1.1530
Strassen,1,104,0:0:1.1575
Strassen,1,105,0:0:1.1412
Strassen,1,106,0:0:1.1438
Strassen,1,107,0:0:1.1440
Strassen,1,108,0:0:1.1370
Strassen,1,109,0:0:1.1367
Strassen,1,110,0:0:1.1369
Strassen,1,111,0:0:1.1400
Strassen,1,112,0:0:1.1336
Strassen,1,113,0:0:1.1372
Strassen,1,114,0:0:1.1388
Strassen,1,115,0:0:1.1401
Strassen,1,116,0:0:1.1361
Strassen,1,117,0:0:1.1365
Strassen,1,118,0:0:1.1343
Strassen,1,119,0:0:1.1425
Strassen,1,120,0:0:1.1382
Strassen,1,121,0:0:1.1390
Strassen,1,122,0:0:1.1363
Strassen,1,123,0:0:1.1351
Strassen,1,124,0:0:1.1398
Strassen,1,125,0:0:1.1385
Strassen,1,126,0:0:1.1376
Strassen,1,127,0:0:1.1386
Strassen,1,128,0:0:1.1377
Strassen,1,129,0:0:9.9427
Strassen,1,132,0:0:9.9392
Strassen,1,135,0:0:9.9495
Strassen,1,138,0:0:9.9768
Strassen,1,141,0:0:10.10058
Strassen,1,144,0:0:9.9834
Strassen,1,147,0:0:9.9692
Strassen,1,150,0:0:9.9713
Strassen,1,153,0:0:10.10023
Strassen,1,156,0:0:9.9858
Strassen,1,159,0:0:9.9626
Strassen,1,162,0:0:9.9721
Strassen,1,165,0:0:9.9648
Strassen,1,168,0:0:9.9718
Strassen,1,171,0:0:9.9457
Strassen,1,174,0:0:9.9593
Strassen,1,177,0:0:9.9479
Strassen,1,180,0:0:9.9892
Strassen,1,183,0:0:9.9483
Strassen,1,186,0:0:9.9600
Strassen,1,189,0:0:9.9648
Strassen,1,192,0:0:9.9492
Strassen,1,195,0:0:9.9717
Strassen,1,198,0:0:9.9705
Strassen,1,201,0:0:9.9616
Strassen,1,204,0:0:9.9736
Strassen,1,207,0:0:9.9436
Strassen,1,210,0:0:9.9542
Strassen,1,213,0:0:9.9806
Strassen,1,216,0:0:9.9666
Strassen,1,219,0:0:9.9429
Strassen,1,222,0:0:9.9567
Strassen,1,225,0:0:9.9699
Strassen,1,228,0:0:9.9552
Strassen,1,231,0:0:9.9673
Strassen,1,234,0:0:9.9563
Strassen,1,237,0:0:9.9816
Strassen,1,240,0:0:9.9684
Strassen,1,243,0:0:9.9440
Strassen,1,246,0:0:9.9506
Strassen,1,249,0:0:9.9501
Strassen,1,30,0:0:0.34
Strassen,1,31,0:0:0.31
Strassen,1,32,0:0:0.32
Strassen,1,33,0:0:0.211
Strassen,1,34,0:0:0.201
Strassen,1,35,0:0:0.235
Strassen,1,36,0:0:0.218
Strassen,1,37,0:0:0.273
Strassen,1,38,0:0:0.237
Strassen,1,39,0:0:0.194
Strassen,1,40,0:0:0.283
Strassen,1,41,0:0:0.247
Strassen,1,42,0:0:0.201
Strassen,1,43,0:0:0.219
Strassen,1,44,0:0:0.208
Strassen,1,45,0:0:0.246
Strassen,1,46,0:0:0.207
Strassen,1,47,0:0:0.200
Strassen,1,48,0:0:0.206
Strassen,1,49,0:0:0.237
Strassen,1,50,0:0:0.227
Strassen,1,51,0:0:0.220
Strassen,1,52,0:0:0.194
Strassen,1,53,0:0:0.225
Strassen,1,54,0:0:0.199
Strassen,1,55,0:0:0.197
Strassen,1,56,0:0:0.232
Strassen,1,57,0:0:0.222
Strassen,1,58,0:0:0.201
Strassen,1,59,0:0:0.198
Strassen,1,60,0:0:0.200
Strassen,1,61,0:0:0.198
Strassen,1,62,0:0:0.202
Strassen,1,63,0:0:0.214
Strassen,1,64,0:0:0.275
Strassen,1,65,0:0:1.1379
Strassen,1,66,0:0:1.1361
Strassen,1,67,0:0:1.1430
Strassen,1,68,0:0:1.1393
Strassen,1,69,0:0:1.1436
Strassen,1,70,0:0:1.1397
Strassen,1,71,0:0:1.1438
Strassen,1,72,0:0:1.1360
Strassen,1,73,0:0:1.1434
Strassen,1,74,0:0:1.1418
Strassen,1,75,0:0:1.1436
Strassen,1,76,0:0:1.1399
Strassen,1,77,0:0:1.1490
Strassen,1,78,0:0:1.1420
Strassen,1,79,0:0:1.1338
Strassen,1,80,0:0:1.1470
Strassen,1,81,0:0:1.1382
Strassen,1,82,0:0:1.1384
Strassen,1,83,0:0:1.1427
Strassen,1,84,0:0:1.1337
Strassen,1,85,0:0:1.1389
Strassen,1,86,0:0:1.1435
Strassen,1,87,0:0:1.1385
Strassen,1,88,0:0:1.1451
Strassen,1,89,0:0:1.1373
Strassen,1,90,0:0:1.1412
Strassen,1,91,0:0:1.1403
Strassen,1,92,0:0:1.1410
Strassen,1,93,0:0:1.1386
Strassen,1,94,0:0:1.1396
Strassen,1,95,0:0:1.1409
Strassen,1,96,0:0:1.1474
Strassen,1,97,0:0:1.1370
Strassen,1,98,0:0:1.1423
Strassen,1,99,0:0:1.1409
Strassen,10,100,0:0:0.33
Strassen,10,101,0:0:0.55
Strassen,10,102,0:0:0.36
Strassen,10,103,0:0:0.32
Strassen,10,104,0:0:0.31
Strassen,10,105,0:0:0.42
Strassen,10,106,0:0:0.34
Strassen,10,107,0:0:0.31
Strassen,10,108,0:0:0.38
Strassen,10,109,0:0:0.31
Strassen,10,110,0:0:0.34
Strassen,10,111,0:0:0.32
Strassen,10,112,0:0:0.43
Strassen,10,113,0:0:0.63
Strassen,10,114,0:0:0.43
Strassen,10,115,0:0:0.35
Strassen,10,116,0:0:0.33
Strassen,10,117,0:0:0.33
Strassen,10,118,0:0:0.32
Strassen,10,119,0:0:0.32
Strassen,10,120,0:0:0.38
Strassen,10,121,0:0:0.34
Strassen,10,122,0:0:0.31
Strassen,10,123,0:0:0.32
Strassen,10,124,0:0:0.32
Strassen,10,125,0:0:0.36
Strassen,10,126,0:0:0.33
Strassen,10,127,0:0:0.32
Strassen,10,128,0:0:0.35
Strassen,10,129,0:0:0.207
Strassen,10,132,0:0:0.214
Strassen,10,135,0:0:0.202
Strassen,10,138,0:0:0.266
Strassen,10,141,0:0:0.219
Strassen,10,144,0:0:0.225
Strassen,10,147,0:0:0.221
Strassen,10,150,0:0:0.251
Strassen,10,153,0:0:0.218
Strassen,10,156,0:0:0.221
Strassen,10,159,0:0:0.247
Strassen,10,162,0:0:0.255
Strassen,10,165,0:0:0.212
Strassen,10,168,0:0:0.212
Strassen,10,171,0:0:0.217
Strassen,10,174,0:0:0.235
Strassen,10,177,0:0:0.208
Strassen,10,180,0:0:0.264
Strassen,10,183,0:0:0.223
Strassen,10,186,0:0:0.263
Strassen,10,189,0:0:0.224
Strassen,10,192,0:0:0.233
Strassen,10,195,0:0:0.215
Strassen,10,198,0:0:0.272
Strassen,10,201,0:0:0.232
Strassen,10,204,0:0:0.207
Strassen,10,207,0:0:0.204
Strassen,10,210,0:0:0.210
Strassen,10,213,0:0:0.209
Strassen,10,216,0:0:0.211
Strassen,10,219,0:0:0.237
Strassen,10,222,0:0:0.207
Strassen,10,225,0:0:0.252
Strassen,10,228,0:0:0.208
Strassen,10,231,0:0:0.204
Strassen,10,234,0:0:0.200
Strassen,10,237,0:0:0.248
Strassen,10,240,0:0:0.206
Strassen,10,243,0:0:0.216
Strassen,10,246,0:0:0.199
Strassen,10,249,0:0:0.211
Strassen,10,30,0:0:0.2
Strassen,10,31,0:0:0.2
Strassen,10,32,0:0:0.2
Strassen,10,33,0:0:0.9
Strassen,10,34,0:0:0.8
Strassen,10,35,0:0:0.9
Strassen,10,36,0:0:0.27
Strassen,10,37,0:0:0.9
Strassen,10,38,0:0:0.8
Strassen,10,39,0:0:0.16
Strassen,10,40,0:0:0.9
Strassen,10,41,0:0:0.9
Strassen,10,42,0:0:0.8
Strassen,10,43,0:0:0.11
Strassen,10,44,0:0:0.8
Strassen,10,45,0:0:0.8
Strassen,10,46,0:0:0.10
Strassen,10,47,0:0:0.9
Strassen,10,48,0:0:0.8
Strassen,10,49,0:0:0.19
Strassen,10,50,0:0:0.8
Strassen,10,51,0:0:0.6
Strassen,10,52,0:0:0.7
Strassen,10,53,0:0:0.28
Strassen,10,54,0:0:0.6
Strassen,10,55,0:0:0.18
Strassen,10,56,0:0:0.7
Strassen,10,57,0:0:0.8
Strassen,10,58,0:0:0.7
Strassen,10,59,0:0:0.8
Strassen,10,60,0:0:0.10
Strassen,10,61,0:0:0.21
Strassen,10,62,0:0:0.8
Strassen,10,63,0:0:0.7
Strassen,10,64,0:0:0.7
Strassen,10,65,0:0:0.36
Strassen,10,66,0:0:0.34
Strassen,10,67,0:0:0.32
Strassen,10,68,0:0:0.34
Strassen,10,69,0:0:0.32
Strassen,10,70,0:0:0.32
Strassen,10,71,0:0:0.33
Strassen,10,72,0:0:0.46
Strassen,10,73,0:0:0.33
Strassen,10,74,0:0:0.31
Strassen,10,75,0:0:0.36
Strassen,10,76,0:0:0.32
Strassen,10,77,0:0:0.32
Strassen,10,78,0:0:0.31
Strassen,10,79,0:0:0.37
Strassen,10,80,0:0:0.48
Strassen,10,81,0:0:0.30
Strassen,10,82,0:0:0.33
Strassen,10,83,0:0:0.33
Strassen,10,84,0:0:0.31
Strassen,10,85,0:0:0.34
Strassen,10,86,0:0:0.31
Strassen,10,87,0:0:0.31
Strassen,10,88,0:0:0.31
Strassen,10,89,0:0:0.31
Strassen,10,90,0:0:0.33
Strassen,10,91,0:0:0.31
Strassen,10,92,0:0:0.30
Strassen,10,93,0:0:0.46
Strassen,10,94,0:0:0.31
Strassen,10,95,0:0:0.32
Strassen,10,96,0:0:0.35
Strassen,10,97,0:0:0.31
Strassen,10,98,0:0:0.32
Strassen,10,99,0:0:0.30
Strassen,100,101,0:0:0.17
Strassen,100,102,0:0:0.17
Strassen,100,103,0:0:0.17
Strassen,100,104,0:0:0.16
Strassen,100,105,0:0:0.18
Strassen,100,106,0:0:0.26
Strassen,100,107,0:0:0.15
Strassen,100,108,0:0:0.15
Strassen,100,109,0:0:0.16
Strassen,100,110,0:0:0.15
Strassen,100,111,0:0:0.15
Strassen,100,112,0:0:0.16
Strassen,100,113,0:0:0.17
Strassen,100,114,0:0:0.17
Strassen,100,115,0:0:0.18
Strassen,100,116,0:0:0.17
Strassen,100,117,0:0:0.17
Strassen,100,118,0:0:0.16
Strassen,100,119,0:0:0.16
Strassen,100,120,0:0:0.15
Strassen,100,121,0:0:0.16
Strassen,100,122,0:0:0.16
Strassen,100,123,0:0:0.16
Strassen,100,124,0:0:0.16
Strassen,100,125,0:0:0.16
Strassen,100,126,0:0:0.27
Strassen,100,127,0:0:0.18
Strassen,100,128,0:0:0.17
Strassen,100,129,0:0:0.91
Strassen,100,132,0:0:0.87
Strassen,100,135,0:0:0.84
Strassen,100,138,0:0:0.84
Strassen,100,141,0:0:0.90
Strassen,100,144,0:0:0.98
Strassen,100,147,0:0:0.89
Strassen,100,150,0:0:0.87
Strassen,100,153,0:0:0.113
Strassen,100,156,0:0:0.113
Strassen,100,159,0:0:0.90
Strassen,100,162,0:0:0.96
Strassen,100,165,0:0:0.91
Strassen,100,168,0:0:0.99
Strassen,100,171,0:0:0.87
Strassen,100,174,0:0:0.104
Strassen,100,177,0:0:0.86
Strassen,100,180,0:0:0.86
Strassen,100,183,0:0:0.86
Strassen,100,186,0:0:0.85
Strassen,100,189,0:0:0.91
Strassen,100,192,0:0:0.120
Strassen,100,195,0:0:0.104
Strassen,100,198,0:0:0.88
Strassen,100,201,0:0:0.85
Strassen,100,204,0:0:0.96
Strassen,100,207,0:0:0.84
Strassen,100,210,0:0:0.92
Strassen,100,213,0:0:0.84
Strassen,100,216,0:0:0.95
Strassen,100,219,0:0:0.95
Strassen,100,222,0:0:0.102
Strassen,100,225,0:0:0.88
Strassen,100,228,0:0:0.85
Strassen,100,231,0:0:0.89
Strassen,100,234,0:0:0.89
Strassen,100,237,0:0:0.88
Strassen,100,240,0:0:0.95
Strassen,100,243,0:0:0.87
Strassen,100,246,0:0:0.84
Strassen,100,249,0:0:0.86
Strassen,110,111,0:0:0.17
Strassen,110,112,0:0:0.16
Strassen,110,113,0:0:0.22
Strassen,110,114,0:0:0.16
Strassen,110,115,0:0:0.17
Strassen,110,116,0:0:0.16
Strassen,110,117,0:0:0.19
Strassen,110,118,0:0:0.16
Strassen,110,119,0:0:0.17
Strassen,110,120,0:0:0.16
Strassen,110,121,0:0:0.16
Strassen,110,122,0:0:0.16
Strassen,110,123,0:0:0.15
Strassen,110,124,0:0:0.16
Strassen,110,125,0:0:0.15
Strassen,110,126,0:0:0.18
Strassen,110,127,0:0:0.17
Strassen,110,128,0:0:0.17
Strassen,110,129,0:0:0.87
Strassen,110,132,0:0:0.84
Strassen,110,135,0:0:0.96
Strassen,110,138,0:0:0.89
Strassen,110,141,0:0:0.87
Strassen,110,144,0:0:0.92
Strassen,110,147,0:0:0.114
Strassen,110,150,0:0:0.116
Strassen,110,153,0:0:0.145
Strassen,110,156,0:0:0.138
Strassen,110,159,0:0:0.83
Strassen,110,162,0:0:0.111
Strassen,110,165,0:0:0.84
Strassen,110,168,0:0:0.86
Strassen,110,171,0:0:0.92
Strassen,110,174,0:0:0.87
Strassen,110,177,0:0:0.94
Strassen,110,180,0:0:0.90
Strassen,110,183,0:0:0.90
Strassen,110,186,0:0:0.85
Strassen,110,189,0:0:0.85
Strassen,110,192,0:0:0.166
Strassen,110,195,0:0:0.86
Strassen,110,198,0:0:0.87
Strassen,110,201,0:0:0.92
Strassen,110,204,0:0:0.98
Strassen,110,207,0:0:0.86
Strassen,110,210,0:0:0.114
Strassen,110,213,0:0:0.89
Strassen,110,216,0:0:0.85
Strassen,110,219,0:0:0.122
Strassen,110,222,0:0:0.101
Strassen,110,225,0:0:0.90
Strassen,110,228,0:0:0.85
Strassen,110,231,0:0:0.86
Strassen,110,234,0:0:0.98
Strassen,110,237,0:0:0.89
Strassen,110,240,0:0:0.84
Strassen,110,243,0:0:0.87
Strassen,110,246,0:0:0.84
Strassen,110,249,0:0:0.85
Strassen,120,121,0:0:0.18
Strassen,120,122,0:0:0.15
Strassen,120,123,0:0:0.16
Strassen,120,124,0:0:0.15
Strassen,120,125,0:0:0.16
Strassen,120,126,0:0:0.18
Strassen,120,127,0:0:0.18
Strassen,120,128,0:0:0.16
Strassen,120,129,0:0:0.82
Strassen,120,132,0:0:0.82
Strassen,120,135,0:0:0.87
Strassen,120,138,0:0:0.86
Strassen,120,141,0:0:0.86
Strassen,120,144,0:0:0.90
Strassen,120,147,0:0:0.89
Strassen,120,150,0:0:0.82
Strassen,120,153,0:0:0.83
Strassen,120,156,0:0:0.89
Strassen,120,159,0:0:0.97
Strassen,120,162,0:0:0.88
Strassen,120,165,0:0:0.87
Strassen,120,168,0:0:0.84
Strassen,120,171,0:0:0.98
Strassen,120,174,0:0:0.87
Strassen,120,177,0:0:0.88
Strassen,120,180,0:0:0.97
Strassen,120,183,0:0:0.89
Strassen,120,186,0:0:0.89
Strassen,120,189,0:0:0.97
Strassen,120,192,0:0:0.105
Strassen,120,195,0:0:0.85
Strassen,120,198,0:0:0.102
Strassen,120,201,0:0:0.89
Strassen,120,204,0:0:0.106
Strassen,120,207,0:0:0.86
Strassen,120,210,0:0:0.83
Strassen,120,213,0:0:0.85
Strassen,120,216,0:0:0.85
Strassen,120,219,0:0:0.136
Strassen,120,222,0:0:0.88
Strassen,120,225,0:0:0.84
Strassen,120,228,0:0:0.87
Strassen,120,231,0:0:0.85
Strassen,120,234,0:0:0.87
Strassen,120,237,0:0:0.86
Strassen,120,240,0:0:0.87
Strassen,120,243,0:0:0.88
Strassen,120,246,0:0:0.82
Strassen,120,249,0:0:0.97
Strassen,130,132,0:0:0.94
Strassen,130,135,0:0:0.94
Strassen,130,138,0:0:0.105
Strassen,130,141,0:0:0.93
Strassen,130,144,0:0:0.102
Strassen,130,147,0:0:0.98
Strassen,130,150,0:0:0.96
Strassen,130,153,0:0:0.96
Strassen,130,156,0:0:0.96
Strassen,130,159,0:0:0.103
Strassen,130,162,0:0:0.101
Strassen,130,165,0:0:0.127
Strassen,130,168,0:0:0.100
Strassen,130,171,0:0:0.104
Strassen,130,174,0:0:0.96
Strassen,130,177,0:0:0.93
Strassen,130,180,0:0:0.104
Strassen,130,183,0:0:0.141
Strassen,130,186,0:0:0.101
Strassen,130,189,0:0:0.115
Strassen,130,192,0:0:0.95
Strassen,130,195,0:0:0.103
Strassen,130,198,0:0:0.102
Strassen,130,201,0:0:0.107
Strassen,130,204,0:0:0.100
Strassen,130,207,0:0:0.110
Strassen,130,210,0:0:0.99
Strassen,130,213,0:0:0.96
Strassen,130,216,0:0:0.92
Strassen,130,219,0:0:0.98
Strassen,130,222,0:0:0.96
Strassen,130,225,0:0:0.101
Strassen,130,228,0:0:0.95
Strassen,130,231,0:0:0.96
Strassen,130,234,0:0:0.106
Strassen,130,237,0:0:0.103
Strassen,130,240,0:0:0.97
Strassen,130,243,0:0:0.95
Strassen,130,246,0:0:0.100
Strassen,130,249,0:0:0.100
Strassen,140,141,0:0:0.96
Strassen,140,144,0:0:0.103
Strassen,140,147,0:0:0.101
Strassen,140,150,0:0:0.94
Strassen,140,153,0:0:0.125
Strassen,140,156,0:0:0.96
Strassen,140,159,0:0:0.138
Strassen,140,162,0:0:0.102
Strassen,140,165,0:0:0.103
Strassen,140,168,0:0:0.109
Strassen,140,171,0:0:0.151
Strassen,140,174,0:0:0.100
Strassen,140,177,0:0:0.98
Strassen,140,180,0:0:0.95
Strassen,140,183,0:0:0.113
Strassen,140,186,0:0:0.100
Strassen,140,189,0:0:0.99
Strassen,140,192,0:0:0.122
Strassen,140,195,0:0:0.109
Strassen,140,198,0:0:0.95
Strassen,140,201,0:0:0.108
Strassen,140,204,0:0:0.95
Strassen,140,207,0:0:0.109
Strassen,140,210,0:0:0.98
Strassen,140,213,0:0:0.99
Strassen,140,216,0:0:0.102
Strassen,140,219,0:0:0.107
Strassen,140,222,0:0:0.95
Strassen,140,225,0:0:0.100
Strassen,140,228,0:0:0.97
Strassen,140,231,0:0:0.98
Strassen,140,234,0:0:0.102
Strassen,140,237,0:0:0.105
Strassen,140,240,0:0:0.96
Strassen,140,243,0:0:0.102
Strassen,140,246,0:0:0.102
Strassen,140,249,0:0:0.100
Strassen,15,100,0:0:0.32
Strassen,15,101,0:0:0.32
Strassen,15,102,0:0:0.33
Strassen,15,103,0:0:0.32
Strassen,15,104,0:0:0.31
Strassen,15,105,0:0:0.37
Strassen,15,106,0:0:0.33
Strassen,15,107,0:0:0.31
Strassen,15,108,0:0:0.32
Strassen,15,109,0:0:0.31
Strassen,15,110,0:0:0.34
Strassen,15,111,0:0:0.33
Strassen,15,112,0:0:0.40
Strassen,15,113,0:0:0.31
Strassen,15,114,0:0:0.32
Strassen,15,115,0:0:0.32
Strassen,15,116,0:0:0.31
Strassen,15,117,0:0:0.32
Strassen,15,118,0:0:0.32
Strassen,15,119,0:0:0.31
Strassen,15,120,0:0:0.30
Strassen,15,121,0:0:0.30
Strassen,15,122,0:0:0.33
Strassen,15,123,0:0:0.33
Strassen,15,124,0:0:0.34
Strassen,15,125,0:0:0.31
Strassen,15,126,0:0:0.34
Strassen,15,127,0:0:0.32
Strassen,15,128,0:0:0.31
Strassen,15,129,0:0:0.213
Strassen,15,132,0:0:0.205
Strassen,15,135,0:0:0.198
Strassen,15,138,0:0:0.227
Strassen,15,141,0:0:0.289
Strassen,15,144,0:0:0.214
Strassen,15,147,0:0:0.256
Strassen,15,150,0:0:0.208
Strassen,15,153,0:0:0.201
Strassen,15,156,0:0:0.247
Strassen,15,159,0:0:0.242
Strassen,15,162,0:0:0.249
Strassen,15,165,0:0:0.233
Strassen,15,168,0:0:0.203
Strassen,15,171,0:0:0.211
Strassen,15,174,0:0:0.246
Strassen,15,177,0:0:0.206
Strassen,15,180,0:0:0.304
Strassen,15,183,0:0:0.199
Strassen,15,186,0:0:0.223
Strassen,15,189,0:0:0.251
Strassen,15,192,0:0:0.221
Strassen,15,195,0:0:0.255
Strassen,15,198,0:0:0.203
Strassen,15,201,0:0:0.251
Strassen,15,204,0:0:0.211
Strassen,15,207,0:0:0.207
Strassen,15,210,0:0:0.228
Strassen,15,213,0:0:0.204
Strassen,15,216,0:0:0.221
Strassen,15,219,0:0:0.213
Strassen,15,222,0:0:0.217
Strassen,15,225,0:0:0.209
Strassen,15,228,0:0:0.209
Strassen,15,231,0:0:0.271
Strassen,15,234,0:0:0.205
Strassen,15,237,0:0:0.227
Strassen,15,240,0:0:0.197
Strassen,15,243,0:0:0.206
Strassen,15,246,0:0:0.208
Strassen,15,249,0:0:0.209
Strassen,15,30,0:0:0.2
Strassen,15,31,0:0:0.2
Strassen,15,32,0:0:0.2
Strassen,15,33,0:0:0.9
Strassen,15,34,0:0:0.26
Strassen,15,35,0:0:0.9
Strassen,15,36,0:0:0.9
Strassen,15,37,0:0:0.9
Strassen,15,38,0:0:0.9
Strassen,15,39,0:0:0.8
Strassen,15,40,0:0:0.9
Strassen,15,41,0:0:0.10
Strassen,15,42,0:0:0.9
Strassen,15,43,0:0:0.8
Strassen,15,44,0:0:0.8
Strassen,15,45,0:0:0.8
Strassen,15,46,0:0:0.8
Strassen,15,47,0:0:0.8
Strassen,15,48,0:0:0.8
Strassen,15,49,0:0:0.10
Strassen,15,50,0:0:0.7
Strassen,15,51,0:0:0.6
Strassen,15,52,0:0:0.10
Strassen,15,53,0:0:0.6
Strassen,15,54,0:0:0.8
Strassen,15,55,0:0:0.8
Strassen,15,56,0:0:0.8
Strassen,15,57,0:0:0.8
Strassen,15,58,0:0:0.8
Strassen,15,59,0:0:0.7
Strassen,15,60,0:0:0.9
Strassen,15,61,0:0:0.8
Strassen,15,62,0:0:0.9
Strassen,15,63,0:0:0.8
Strassen,15,64,0:0:0.7
Strassen,15,65,0:0:0.33
Strassen,15,66,0:0:0.58
Strassen,15,67,0:0:0.37
Strassen,15,68,0:0:0.62
Strassen,15,69,0:0:0.35
Strassen,15,70,0:0:0.88
Strassen,15,71,0:0:0.85
Strassen,15,72,0:0:0.34
Strassen,15,73,0:0:0.33
Strassen,15,74,0:0:0.34
Strassen,15,75,0:0:0.57
Strassen,15,76,0:0:0.31
Strassen,15,77,0:0:0.31
Strassen,15,78,0:0:0.39
Strassen,15,79,0:0:0.33
Strassen,15,80,0:0:0.33
Strassen,15,81,0:0:0.34
Strassen,15,82,0:0:0.37
Strassen,15,83,0:0:0.34
Strassen,15,84,0:0:0.33
Strassen,15,85,0:0:0.31
Strassen,15,86,0:0:0.34
Strassen,15,87,0:0:0.33
Strassen,15,88,0:0:0.32
Strassen,15,89,0:0:0.34
Strassen,15,90,0:0:0.50
Strassen,15,91,0:0:0.32
Strassen,15,92,0:0:0.32
Strassen,15,93,0:0:0.36
Strassen,15,94,0:0:0.31
Strassen,15,95,0:0:0.31
Strassen,15,96,0:0:0.31
Strassen,15,97,0:0:0.34
Strassen,15,98,0:0:0.32
Strassen,15,99,0:0:0.30
Strassen,150,153,0:0:0.159
Strassen,150,156,0:0:0.116
Strassen,150,159,0:0:0.92
Strassen,150,162,0:0:0.106
Strassen,150,165,0:0:0.130
Strassen,150,168,0:0:0.96
Strassen,150,171,0:0:0.123
Strassen,150,174,0:0:0.104
Strassen,150,177,0:0:0.158
Strassen,150,180,0:0:0.94
Strassen,150,183,0:0:0.96
Strassen,150,186,0:0:0.105
Strassen,150,189,0:0:0.93
Strassen,150,192,0:0:0.91
Strassen,150,195,0:0:0.143
Strassen,150,198,0:0:0.107
Strassen,150,201,0:0:0.96
Strassen,150,204,0:0:0.95
Strassen,150,207,0:0:0.122
Strassen,150,210,0:0:0.96
Strassen,150,213,0:0:0.96
Strassen,150,216,0:0:0.101
Strassen,150,219,0:0:0.95
Strassen,150,222,0:0:0.93
Strassen,150,225,0:0:0.96
Strassen,150,228,0:0:0.94
Strassen,150,231,0:0:0.106
Strassen,150,234,0:0:0.100
Strassen,150,237,0:0:0.95
Strassen,150,240,0:0:0.95
Strassen,150,243,0:0:0.98
Strassen,150,246,0:0:0.118
Strassen,150,249,0:0:0.99
Strassen,160,162,0:0:0.103
Strassen,160,165,0:0:0.104
Strassen,160,168,0:0:0.95
Strassen,160,171,0:0:0.97
Strassen,160,174,0:0:0.104
Strassen,160,177,0:0:0.129
Strassen,160,180,0:0:0.96
Strassen,160,183,0:0:0.95
Strassen,160,186,0:0:0.102
Strassen,160,189,0:0:0.105
Strassen,160,192,0:0:0.96
Strassen,160,195,0:0:0.94
Strassen,160,198,0:0:0.100
Strassen,160,201,0:0:0.96
Strassen,160,204,0:0:0.93
Strassen,160,207,0:0:0.94
Strassen,160,210,0:0:0.94
Strassen,160,213,0:0:0.97
Strassen,160,216,0:0:0.110
Strassen,160,219,0:0:0.93
Strassen,160,222,0:0:0.104
Strassen,160,225,0:0:0.96
Strassen,160,228,0:0:0.102
Strassen,160,231,0:0:0.97
Strassen,160,234,0:0:0.125
Strassen,160,237,0:0:0.98
Strassen,160,240,0:0:0.96
Strassen,160,243,0:0:0.98
Strassen,160,246,0:0:0.95
Strassen,160,249,0:0:0.96
Strassen,170,171,0:0:0.96
Strassen,170,174,0:0:0.93
Strassen,170,177,0:0:0.114
Strassen,170,180,0:0:0.101
Strassen,170,183,0:0:0.96
Strassen,170,186,0:0:0.118
Strassen,170,189,0:0:0.97
Strassen,170,192,0:0:0.97
Strassen,170,195,0:0:0.108
Strassen,170,198,0:0:0.97
Strassen,170,201,0:0:0.99
Strassen,170,204,0:0:0.97
Strassen,170,207,0:0:0.96
Strassen,170,210,0:0:0.97
Strassen,170,213,0:0:0.97
Strassen,170,216,0:0:0.102
Strassen,170,219,0:0:0.100
Strassen,170,222,0:0:0.99
Strassen,170,225,0:0:0.96
Strassen,170,228,0:0:0.135
Strassen,170,231,0:0:0.101
Strassen,170,234,0:0:0.108
Strassen,170,237,0:0:0.100
Strassen,170,240,0:0:0.96
Strassen,170,243,0:0:0.101
Strassen,170,246,0:0:0.93
Strassen,170,249,0:0:0.100
Strassen,180,183,0:0:0.102
Strassen,180,186,0:0:0.106
Strassen,180,189,0:0:0.101
Strassen,180,192,0:0:0.102
Strassen,180,195,0:0:0.95
Strassen,180,198,0:0:0.96
Strassen,180,201,0:0:0.99
Strassen,180,204,0:0:0.109
Strassen,180,207,0:0:0.107
Strassen,180,210,0:0:0.99
Strassen,180,213,0:0:0.98
Strassen,180,216,0:0:0.96
Strassen,180,219,0:0:0.94
Strassen,180,222,0:0:0.97
Strassen,180,225,0:0:0.108
Strassen,180,228,0:0:0.97
Strassen,180,231,0:0:0.106
Strassen,180,234,0:0:0.97
Strassen,180,237,0:0:0.101
Strassen,180,240,0:0:0.117
Strassen,180,243,0:0:0.102
Strassen,180,246,0:0:0.99
Strassen,180,249,0:0:0.97
Strassen,190,192,0:0:0.99
Strassen,190,195,0:0:0.97
Strassen,190,198,0:0:0.96
Strassen,190,201,0:0:0.96
Strassen,190,204,0:0:0.132
Strassen,190,207,0:0:0.98
Strassen,190,210,0:0:0.104
Strassen,190,213,0:0:0.106
Strassen,190,216,0:0:0.96
Strassen,190,219,0:0:0.98
Strassen,190,222,0:0:0.97
Strassen,190,225,0:0:0.95
Strassen,190,228,0:0:0.105
Strassen,190,231,0:0:0.98
Strassen,190,234,0:0:0.111
Strassen,190,237,0:0:0.99
Strassen,190,240,0:0:0.137
Strassen,190,243,0:0:0.108
Strassen,190,246,0:0:0.97
Strassen,190,249,0:0:0.97
Strassen,2,100,0:0:0.297
Strassen,2,101,0:0:0.298
Strassen,2,102,0:0:0.302
Strassen,2,103,0:0:0.278
Strassen,2,104,0:0:0.343
Strassen,2,105,0:0:0.297
Strassen,2,106,0:0:0.312
Strassen,2,107,0:0:0.280
Strassen,2,108,0:0:0.289
Strassen,2,109,0:0:0.292
Strassen,2,110,0:0:0.284
Strassen,2,111,0:0:0.295
Strassen,2,112,0:0:0.305
Strassen,2,113,0:0:0.282
Strassen,2,114,0:0:0.291
Strassen,2,115,0:0:0.291
Strassen,2,116,0:0:0.300
Strassen,2,117,0:0:0.296
Strassen,2,118,0:0:0.284
Strassen,2,119,0:0:0.306
Strassen,2,120,0:0:0.292
Strassen,2,121,0:0:0.281
Strassen,2,122,0:0:0.281
Strassen,2,123,0:0:0.293
Strassen,2,124,0:0:0.281
Strassen,2,125,0:0:0.283
Strassen,2,126,0:0:0.290
Strassen,2,127,0:0:0.294
Strassen,2,128,0:0:0.291
Strassen,2,129,0:0:1.1956
Strassen,2,132,0:0:2.2026
Strassen,2,135,0:0:2.2059
Strassen,2,138,0:0:2.2101
Strassen,2,141,0:0:2.2165
Strassen,2,144,0:0:2.2122
Strassen,2,147,0:0:2.2415
Strassen,2,150,0:0:2.2015
Strassen,2,153,0:0:2.2136
Strassen,2,156,0:0:2.2099
Strassen,2,159,0:0:2.2130
Strassen,2,162,0:0:2.2045
Strassen,2,165,0:0:2.2064
Strassen,2,168,0:0:2.2040
Strassen,2,171,0:0:2.2092
Strassen,2,174,0:0:2.2001
Strassen,2,177,0:0:2.2049
Strassen,2,180,0:0:2.2084
Strassen,2,183,0:0:2.2027
Strassen,2,186,0:0:2.2014
Strassen,2,189,0:0:2.2151
Strassen,2,192,0:0:2.2044
Strassen,2,195,0:0:2.2087
Strassen,2,198,0:0:2.2056
Strassen,2,201,0:0:2.2224
Strassen,2,204,0:0:2.2064
Strassen,2,207,0:0:2.2061
Strassen,2,210,0:0:2.2014
Strassen,2,213,0:0:2.2088
Strassen,2,216,0:0:2.2127
Strassen,2,219,0:0:2.2099
Strassen,2,222,0:0:2.2055
Strassen,2,225,0:0:2.2042
Strassen,2,228,0:0:2.2071
Strassen,2,231,0:0:2.2014
Strassen,2,234,0:0:1.1981
Strassen,2,237,0:0:2.2142
Strassen,2,240,0:0:2.2002
Strassen,2,243,0:0:2.2101
Strassen,2,246,0:0:2.2005
Strassen,2,249,0:0:2.2051
Strassen,2,30,0:0:0.10
Strassen,2,31,0:0:0.13
Strassen,2,32,0:0:0.11
Strassen,2,33,0:0:0.46
Strassen,2,34,0:0:0.44
Strassen,2,35,0:0:0.44
Strassen,2,36,0:0:0.49
Strassen,2,37,0:0:0.46
Strassen,2,38,0:0:0.44
Strassen,2,39,0:0:0.53
Strassen,2,40,0:0:0.48
Strassen,2,41,0:0:0.50
Strassen,2,42,0:0:0.46
Strassen,2,43,0:0:0.49
Strassen,2,44,0:0:0.99
Strassen,2,45,0:0:0.47
Strassen,2,46,0:0:0.59
Strassen,2,47,0:0:0.50
Strassen,2,48,0:0:0.45
Strassen,2,49,0:0:0.46
Strassen,2,50,0:0:0.42
Strassen,2,51,0:0:0.43
Strassen,2,52,0:0:0.58
Strassen,2,53,0:0:0.43
Strassen,2,54,0:0:0.45
Strassen,2,55,0:0:0.43
Strassen,2,56,0:0:0.43
Strassen,2,57,0:0:0.45
Strassen,2,58,0:0:0.46
Strassen,2,59,0:0:0.43
Strassen,2,60,0:0:0.50
Strassen,2,61,0:0:0.45
Strassen,2,62,0:0:0.42
Strassen,2,63,0:0:0.43
Strassen,2,64,0:0:0.42
Strassen,2,65,0:0:0.291
Strassen,2,66,0:0:0.297
Strassen,2,67,0:0:0.291
Strassen,2,68,0:0:0.281
Strassen,2,69,0:0:0.282
Strassen,2,70,0:0:0.285
Strassen,2,71,0:0:0.285
Strassen,2,72,0:0:0.295
Strassen,2,73,0:0:0.283
Strassen,2,74,0:0:0.287
Strassen,2,75,0:0:0.328
Strassen,2,76,0:0:0.281
Strassen,2,77,0:0:0.293
Strassen,2,78,0:0:0.283
Strassen,2,79,0:0:0.289
Strassen,2,80,0:0:0.299
Strassen,2,81,0:0:0.295
Strassen,2,82,0:0:0.295
Strassen,2,83,0:0:0.322
Strassen,2,84,0:0:0.280
Strassen,2,85,0:0:0.293
Strassen,2,86,0:0:0.299
Strassen,2,87,0:0:0.291
Strassen,2,88,0:0:0.294
Strassen,2,89,0:0:0.279
Strassen,2,90,0:0:0.288
Strassen,2,91,0:0:0.277
Strassen,2,92,0:0:0.287
Strassen,2,93,0:0:0.305
Strassen,2,94,0:0:0.278
Strassen,2,95,0:0:0.287
Strassen,2,96,0:0:0.292
Strassen,2,97,0:0:0.311
Strassen,2,98,0:0:0.305
Strassen,2,99,0:0:0.305
Strassen,20,100,0:0:0.21
Strassen,20,101,0:0:0.26
Strassen,20,102,0:0:0.21
Strassen,20,103,0:0:0.19
Strassen,20,104,0:0:0.29
Strassen,20,105,0:0:0.20
Strassen,20,106,0:0:0.19
Strassen,20,107,0:0:0.20
Strassen,20,108,0:0:0.19
Strassen,20,109,0:0:0.20
Strassen,20,110,0:0:0.20
Strassen,20,111,0:0:0.22
Strassen,20,112,0:0:0.19
Strassen,20,113,0:0:0.19
Strassen,20,114,0:0:0.24
Strassen,20,115,0:0:0.20
Strassen,20,116,0:0:0.20
Strassen,20,117,0:0:0.19
Strassen,20,118,0:0:0.20
Strassen,20,119,0:0:0.19
Strassen,20,120,0:0:0.19
Strassen,20,121,0:0:0.18
Strassen,20,122,0:0:0.20
Strassen,20,123,0:0:0.21
Strassen,20,124,0:0:0.21
Strassen,20,125,0:0:0.21
Strassen,20,126,0:0:0.24
Strassen,20,127,0:0:0.19
Strassen,20,128,0:0:0.21
Strassen,20,129,0:0:0.118
Strassen,20,132,0:0:0.120
Strassen,20,135,0:0:0.119
Strassen,20,138,0:0:0.116
Strassen,20,141,0:0:0.138
Strassen,20,144,0:0:0.119
Strassen,20,147,0:0:0.123
Strassen,20,150,0:0:0.119
Strassen,20,153,0:0:0.114
Strassen,20,156,0:0:0.116
Strassen,20,159,0:0:0.121
Strassen,20,162,0:0:0.122
Strassen,20,165,0:0:0.131
Strassen,20,168,0:0:0.114
Strassen,20,171,0:0:0.119
Strassen,20,174,0:0:0.115
Strassen,20,177,0:0:0.124
Strassen,20,180,0:0:0.137
Strassen,20,183,0:0:0.118
Strassen,20,186,0:0:0.122
Strassen,20,189,0:0:0.148
Strassen,20,192,0:0:0.132
Strassen,20,195,0:0:0.133
Strassen,20,198,0:0:0.156
Strassen,20,201,0:0:0.120
Strassen,20,204,0:0:0.120
Strassen,20,207,0:0:0.121
Strassen,20,210,0:0:0.113
Strassen,20,213,0:0:0.128
Strassen,20,216,0:0:0.170
Strassen,20,219,0:0:0.124
Strassen,20,222,0:0:0.137
Strassen,20,225,0:0:0.132
Strassen,20,228,0:0:0.119
Strassen,20,231,0:0:0.124
Strassen,20,234,0:0:0.123
Strassen,20,237,0:0:0.118
Strassen,20,240,0:0:0.119
Strassen,20,243,0:0:0.115
Strassen,20,246,0:0:0.118
Strassen,20,249,0:0:0.120
Strassen,20,30,0:0:0.2
Strassen,20,31,0:0:0.1
Strassen,20,32,0:0:0.1
Strassen,20,33,0:0:0.5
Strassen,20,34,0:0:0.5
Strassen,20,35,0:0:0.5
Strassen,20,36,0:0:0.5
Strassen,20,37,0:0:0.8
Strassen,20,38,0:0:0.9
Strassen,20,39,0:0:0.8
Strassen,20,40,0:0:0.12
Strassen,20,41,0:0:0.13
Strassen,20,42,0:0:0.7
Strassen,20,43,0:0:0.7
Strassen,20,44,0:0:0.8
Strassen,20,45,0:0:0.7
Strassen,20,46,0:0:0.7
Strassen,20,47,0:0:0.8
Strassen,20,48,0:0:0.8
Strassen,20,49,0:0:0.7
Strassen,20,50,0:0:0.5
Strassen,20,51,0:0:0.5
Strassen,20,52,0:0:0.5
Strassen,20,53,0:0:0.5
Strassen,20,54,0:0:0.7
Strassen,20,55,0:0:0.6
Strassen,20,56,0:0:0.7
Strassen,20,57,0:0:0.5
Strassen,20,58,0:0:0.6
Strassen,20,59,0:0:0.5
Strassen,20,60,0:0:0.5
Strassen,20,61,0:0:0.11
Strassen,20,62,0:0:0.5
Strassen,20,63,0:0:0.5
Strassen,20,64,0:0:0.5
Strassen,20,65,0:0:0.22
Strassen,20,66,0:0:0.22
Strassen,20,67,0:0:0.23
Strassen,20,68,0:0:0.33
Strassen,20,69,0:0:0.21
Strassen,20,70,0:0:0.20
Strassen,20,71,0:0:0.22
Strassen,20,72,0:0:0.22
Strassen,20,73,0:0:0.19
Strassen,20,74,0:0:0.19
Strassen,20,75,0:0:0.18
Strassen,20,76,0:0:0.24
Strassen,20,77,0:0:0.32
Strassen,20,78,0:0:0.19
Strassen,20,79,0:0:0.81
Strassen,20,80,0:0:0.19
Strassen,20,81,0:0:0.18
Strassen,20,82,0:0:0.19
Strassen,20,83,0:0:0.46
Strassen,20,84,0:0:0.19
Strassen,20,85,0:0:0.20
Strassen,20,86,0:0:0.20
Strassen,20,87,0:0:0.33
Strassen,20,88,0:0:0.23
Strassen,20,89,0:0:0.18
Strassen,20,90,0:0:0.19
Strassen,20,91,0:0:0.24
Strassen,20,92,0:0:0.19
Strassen,20,93,0:0:0.24
Strassen,20,94,0:0:0.20
Strassen,20,95,0:0:0.19
Strassen,20,96,0:0:0.20
Strassen,20,97,0:0:0.20
Strassen,20,98,0:0:0.20
Strassen,20,99,0:0:0.41
Strassen,200,201,0:0:0.95
Strassen,200,204,0:0:0.150
Strassen,200,207,0:0:0.96
Strassen,200,210,0:0:0.95
Strassen,200,213,0:0:0.104
Strassen,200,216,0:0:0.95
Strassen,200,219,0:0:0.104
Strassen,200,222,0:0:0.96
Strassen,200,225,0:0:0.95
Strassen,200,228,0:0:0.102
Strassen,200,231,0:0:0.111
Strassen,200,234,0:0:0.99
Strassen,200,237,0:0:0.110
Strassen,200,240,0:0:0.139
Strassen,200,243,0:0:0.98
Strassen,200,246,0:0:0.97
Strassen,200,249,0:0:0.97
Strassen,225,228,0:0:0.94
Strassen,225,231,0:0:0.117
Strassen,225,234,0:0:0.98
Strassen,225,237,0:0:0.102
Strassen,225,240,0:0:0.96
Strassen,225,243,0:0:0.97
Strassen,225,246,0:0:0.94
Strassen,225,249,0:0:0.99
Strassen,25,100,0:0:0.21
Strassen,25,101,0:0:0.19
Strassen,25,102,0:0:0.20
Strassen,25,103,0:0:0.20
Strassen,25,104,0:0:0.23
Strassen,25,105,0:0:0.23
Strassen,25,106,0:0:0.59
Strassen,25,107,0:0:0.20
Strassen,25,108,0:0:0.21
Strassen,25,109,0:0:0.19
Strassen,25,110,0:0:0.20
Strassen,25,111,0:0:0.20
Strassen,25,112,0:0:0.20
Strassen,25,113,0:0:0.26
Strassen,25,114,0:0:0.20
Strassen,25,115,0:0:0.20
Strassen,25,116,0:0:0.24
Strassen,25,117,0:0:0.21
Strassen,25,118,0:0:0.20
Strassen,25,119,0:0:0.20
Strassen,25,120,0:0:0.23
Strassen,25,121,0:0:0.21
Strassen,25,122,0:0:0.19
Strassen,25,123,0:0:0.21
Strassen,25,124,0:0:0.20
Strassen,25,125,0:0:0.23
Strassen,25,126,0:0:0.20
Strassen,25,127,0:0:0.27
Strassen,25,128,0:0:0.27
Strassen,25,129,0:0:0.116
Strassen,25,132,0:0:0.114
Strassen,25,135,0:0:0.118
Strassen,25,138,0:0:0.114
Strassen,25,141,0:0:0.132
Strassen,25,144,0:0:0.152
Strassen,25,147,0:0:0.135
Strassen,25,150,0:0:0.118
Strassen,25,153,0:0:0.127
Strassen,25,156,0:0:0.125
Strassen,25,159,0:0:0.136
Strassen,25,162,0:0:0.122
Strassen,25,165,0:0:0.138
Strassen,25,168,0:0:0.122
Strassen,25,171,0:0:0.144
Strassen,25,174,0:0:0.124
Strassen,25,177,0:0:0.116
Strassen,25,180,0:0:0.196
Strassen,25,183,0:0:0.124
Strassen,25,186,0:0:0.113
Strassen,25,189,0:0:0.116
Strassen,25,192,0:0:0.119
Strassen,25,195,0:0:0.180
Strassen,25,198,0:0:0.122
Strassen,25,201,0:0:0.155
Strassen,25,204,0:0:0.124
Strassen,25,207,0:0:0.148
Strassen,25,210,0:0:0.124
Strassen,25,213,0:0:0.117
Strassen,25,216,0:0:0.128
Strassen,25,219,0:0:0.121
Strassen,25,222,0:0:0.126
Strassen,25,225,0:0:0.141
Strassen,25,228,0:0:0.117
Strassen,25,231,0:0:0.123
Strassen,25,234,0:0:0.120
Strassen,25,237,0:0:0.123
Strassen,25,240,0:0:0.121
Strassen,25,243,0:0:0.113
Strassen,25,246,0:0:0.121
Strassen,25,249,0:0:0.139
Strassen,25,30,0:0:0.2
Strassen,25,31,0:0:0.1
Strassen,25,32,0:0:0.1
Strassen,25,33,0:0:0.7
Strassen,25,34,0:0:0.5
Strassen,25,35,0:0:0.19
Strassen,25,36,0:0:0.10
Strassen,25,37,0:0:0.5
Strassen,25,38,0:0:0.7
Strassen,25,39,0:0:0.7
Strassen,25,40,0:0:0.7
Strassen,25,41,0:0:0.7
Strassen,25,42,0:0:0.7
Strassen,25,43,0:0:0.7
Strassen,25,44,0:0:0.7
Strassen,25,45,0:0:0.6
Strassen,25,46,0:0:0.7
Strassen,25,47,0:0:0.7
Strassen,25,48,0:0:0.7
Strassen,25,49,0:0:0.7
Strassen,25,50,0:0:0.5
Strassen,25,51,0:0:0.5
Strassen,25,52,0:0:0.5
Strassen,25,53,0:0:0.5
Strassen,25,54,0:0:0.5
Strassen,25,55,0:0:0.5
Strassen,25,56,0:0:0.5
Strassen,25,57,0:0:0.5
Strassen,25,58,0:0:0.11
Strassen,25,59,0:0:0.5
Strassen,25,60,0:0:0.5
Strassen,25,61,0:0:0.5
Strassen,25,62,0:0:0.11
Strassen,25,63,0:0:0.6
Strassen,25,64,0:0:0.5
Strassen,25,65,0:0:0.22
Strassen,25,66,0:0:0.27
Strassen,25,67,0:0:0.22
Strassen,25,68,0:0:0.27
Strassen,25,69,0:0:0.30
Strassen,25,70,0:0:0.22
Strassen,25,71,0:0:0.33
Strassen,25,72,0:0:0.20
Strassen,25,73,0:0:0.20
Strassen,25,74,0:0:0.19
Strassen,25,75,0:0:0.22
Strassen,25,76,0:0:0.18
Strassen,25,77,0:0:0.18
Strassen,25,78,0:0:0.18
Strassen,25,79,0:0:0.19
Strassen,25,80,0:0:0.21
Strassen,25,81,0:0:0.22
Strassen,25,82,0:0:0.22
Strassen,25,83,0:0:0.19
Strassen,25,84,0:0:0.63
Strassen,25,85,0:0:0.20
Strassen,25,86,0:0:0.21
Strassen,25,87,0:0:0.20
Strassen,25,88,0:0:0.19
Strassen,25,89,0:0:0.19
Strassen,25,90,0:0:0.44
Strassen,25,91,0:0:0.20
Strassen,25,92,0:0:0.22
Strassen,25,93,0:0:0.19
Strassen,25,94,0:0:0.20
Strassen,25,95,0:0:0.20
Strassen,25,96,0:0:0.20
Strassen,25,97,0:0:0.22
Strassen,25,98,0:0:0.25
Strassen,25,99,0:0:0.19
Strassen,3,100,0:0:0.282
Strassen,3,101,0:0:0.315
Strassen,3,102,0:0:0.353
Strassen,3,103,0:0:0.287
Strassen,3,104,0:0:0.312
Strassen,3,105,0:0:0.286
Strassen,3,106,0:0:0.326
Strassen,3,107,0:0:0.284
Strassen,3,108,0:0:0.289
Strassen,3,109,0:0:0.305
Strassen,3,110,0:0:0.288
Strassen,3,111,0:0:0.281
Strassen,3,112,0:0:0.306
Strassen,3,113,0:0:0.276
Strassen,3,114,0:0:0.290
Strassen,3,115,0:0:0.296
Strassen,3,116,0:0:0.294
Strassen,3,117,0:0:0.300
Strassen,3,118,0:0:0.313
Strassen,3,119,0:0:0.285
Strassen,3,120,0:0:0.298
Strassen,3,121,0:0:0.282
Strassen,3,122,0:0:0.294
Strassen,3,123,0:0:0.291
Strassen,3,124,0:0:0.285
Strassen,3,125,0:0:0.292
Strassen,3,126,0:0:0.286
Strassen,3,127,0:0:0.290
Strassen,3,128,0:0:0.290
Strassen,3,129,0:0:1.1974
Strassen,3,132,0:0:2.2028
Strassen,3,135,0:0:2.2055
Strassen,3,138,0:0:2.2026
Strassen,3,141,0:0:2.2244
Strassen,3,144,0:0:2.2174
Strassen,3,147,0:0:2.2169
Strassen,3,150,0:0:2.2034
Strassen,3,153,0:0:2.2196
Strassen,3,156,0:0:2.2106
Strassen,3,159,0:0:2.2072
Strassen,3,162,0:0:2.2085
Strassen,3,165,0:0:2.2018
Strassen,3,168,0:0:2.2095
Strassen,3,171,0:0:2.2092
Strassen,3,174,0:0:2.2026
Strassen,3,177,0:0:2.2009
Strassen,3,180,0:0:2.2049
Strassen,3,183,0:0:2.2104
Strassen,3,186,0:0:2.2086
Strassen,3,189,0:0:2.2069
Strassen,3,192,0:0:2.2153
Strassen,3,195,0:0:2.2123
Strassen,3,198,0:0:2.2134
Strassen,3,201,0:0:1.1993
Strassen,3,204,0:0:2.2126
Strassen,3,207,0:0:1.1981
Strassen,3,210,0:0:2.2031
Strassen,3,213,0:0:2.2066
Strassen,3,216,0:0:2.2108
Strassen,3,219,0:0:2.2042
Strassen,3,222,0:0:2.2081
Strassen,3,225,0:0:2.2088
Strassen,3,228,0:0:2.2108
Strassen,3,231,0:0:2.2063
Strassen,3,234,0:0:2.2052
Strassen,3,237,0:0:2.2085
Strassen,3,240,0:0:2.2137
Strassen,3,243,0:0:2.2017
Strassen,3,246,0:0:2.2017
Strassen,3,249,0:0:1.1969
Strassen,3,30,0:0:0.10
Strassen,3,31,0:0:0.10
Strassen,3,32,0:0:0.10
Strassen,3,33,0:0:0.50
Strassen,3,34,0:0:0.43
Strassen,3,35,0:0:0.57
Strassen,3,36,0:0:0.47
Strassen,3,37,0:0:0.58
Strassen,3,38,0:0:0.53
Strassen,3,39,0:0:0.57
Strassen,3,40,0:0:0.65
Strassen,3,41,0:0:0.53
Strassen,3,42,0:0:0.51
Strassen,3,43,0:0:0.52
Strassen,3,44,0:0:0.43
Strassen,3,45,0:0:0.73
Strassen,3,46,0:0:0.44
Strassen,3,47,0:0:0.47
Strassen,3,48,0:0:0.45
Strassen,3,49,0:0:0.49
Strassen,3,50,0:0:0.45
Strassen,3,51,0:0:0.43
Strassen,3,52,0:0:0.42
Strassen,3,53,0:0:0.46
Strassen,3,54,0:0:0.42
Strassen,3,55,0:0:0.83
Strassen,3,56,0:0:0.42
Strassen,3,57,0:0:0.44
Strassen,3,58,0:0:0.53
Strassen,3,59,0:0:0.42
Strassen,3,60,0:0:0.43
Strassen,3,61,0:0:0.57
Strassen,3,62,0:0:0.51
Strassen,3,63,0:0:0.47
Strassen,3,64,0:0:0.44
Strassen,3,65,0:0:0.285
Strassen,3,66,0:0:0.290
Strassen,3,67,0:0:0.313
Strassen,3,68,0:0:0.280
Strassen,3,69,0:0:0.289
Strassen,3,70,0:0:0.291
Strassen,3,71,0:0:0.304
Strassen,3,72,0:0:0.294
Strassen,3,73,0:0:0.306
Strassen,3,74,0:0:0.279
Strassen,3,75,0:0:0.363
Strassen,3,76,0:0:0.281
Strassen,3,77,0:0:0.312
Strassen,3,78,0:0:0.283
Strassen,3,79,0:0:0.296
Strassen,3,80,0:0:0.347
Strassen,3,81,0:0:0.291
Strassen,3,82,0:0:0.337
Strassen,3,83,0:0:0.296
Strassen,3,84,0:0:0.286
Strassen,3,85,0:0:0.311
Strassen,3,86,0:0:0.330
Strassen,3,87,0:0:0.286
Strassen,3,88,0:0:0.309
Strassen,3,89,0:0:0.291
Strassen,3,90,0:0:0.292
Strassen,3,91,0:0:0.287
Strassen,3,92,0:0:0.296
Strassen,3,93,0:0:0.310
Strassen,3,94,0:0:0.343
Strassen,3,95,0:0:0.293
Strassen,3,96,0:0:0.286
Strassen,3,97,0:0:0.358
Strassen,3,98,0:0:0.301
Strassen,3,99,0:0:0.356
Strassen,30,100,0:0:0.19
Strassen,30,101,0:0:0.23
Strassen,30,102,0:0:0.20
Strassen,30,103,0:0:0.21
Strassen,30,104,0:0:0.19
Strassen,30,105,0:0:0.22
Strassen,30,106,0:0:0.18
Strassen,30,107,0:0:0.18
Strassen,30,108,0:0:0.18
Strassen,30,109,0:0:0.19
Strassen,30,110,0:0:0.23
Strassen,30,111,0:0:0.19
Strassen,30,112,0:0:0.21
Strassen,30,113,0:0:0.22
Strassen,30,114,0:0:0.22
Strassen,30,115,0:0:0.20
Strassen,30,116,0:0:0.21
Strassen,30,117,0:0:0.20
Strassen,30,118,0:0:0.21
Strassen,30,119,0:0:0.20
Strassen,30,120,0:0:0.18
Strassen,30,121,0:0:0.20
Strassen,30,122,0:0:0.21
Strassen,30,123,0:0:0.21
Strassen,30,124,0:0:0.20
Strassen,30,125,0:0:0.20
Strassen,30,126,0:0:0.21
Strassen,30,127,0:0:0.22
Strassen,30,128,0:0:0.19
Strassen,30,129,0:0:0.116
Strassen,30,132,0:0:0.113
Strassen,30,135,0:0:0.153
Strassen,30,138,0:0:0.135
Strassen,30,141,0:0:0.155
Strassen,30,144,0:0:0.127
Strassen,30,147,0:0:0.117
Strassen,30,150,0:0:0.116
Strassen,30,153,0:0:0.139
Strassen,30,156,0:0:0.113
Strassen,30,159,0:0:0.122
Strassen,30,162,0:0:0.122
Strassen,30,165,0:0:0.154
Strassen,30,168,0:0:0.117
Strassen,30,171,0:0:0.140
Strassen,30,174,0:0:0.117
Strassen,30,177,0:0:0.121
Strassen,30,180,0:0:0.143
Strassen,30,183,0:0:0.154
Strassen,30,186,0:0:0.117
Strassen,30,189,0:0:0.118
Strassen,30,192,0:0:0.117
Strassen,30,195,0:0:0.121
Strassen,30,198,0:0:0.122
Strassen,30,201,0:0:0.132
Strassen,30,204,0:0:0.170
Strassen,30,207,0:0:0.153
Strassen,30,210,0:0:0.116
Strassen,30,213,0:0:0.115
Strassen,30,216,0:0:0.112
Strassen,30,219,0:0:0.122
Strassen,30,222,0:0:0.123
Strassen,30,225,0:0:0.149
Strassen,30,228,0:0:0.114
Strassen,30,231,0:0:0.120
Strassen,30,234,0:0:0.130
Strassen,30,237,0:0:0.112
Strassen,30,240,0:0:0.118
Strassen,30,243,0:0:0.113
Strassen,30,246,0:0:0.136
Strassen,30,249,0:0:0.115
Strassen,30,31,0:0:0.2
Strassen,30,32,0:0:0.2
Strassen,30,33,0:0:0.5
Strassen,30,34,0:0:0.7
Strassen,30,35,0:0:0.5
Strassen,30,36,0:0:0.5
Strassen,30,37,0:0:0.5
Strassen,30,38,0:0:0.7
Strassen,30,39,0:0:0.7
Strassen,30,40,0:0:0.7
Strassen,30,41,0:0:0.7
Strassen,30,42,0:0:0.10
Strassen,30,43,0:0:0.9
Strassen,30,44,0:0:0.38
Strassen,30,45,0:0:0.9
Strassen,30,46,0:0:0.9
Strassen,30,47,0:0:0.7
Strassen,30,48,0:0:0.6
Strassen,30,49,0:0:0.6
Strassen,30,50,0:0:0.5
Strassen,30,51,0:0:0.5
Strassen,30,52,0:0:0.5
Strassen,30,53,0:0:0.5
Strassen,30,54,0:0:0.19
Strassen,30,55,0:0:0.6
Strassen,30,56,0:0:0.10
Strassen,30,57,0:0:0.5
Strassen,30,58,0:0:0.5
Strassen,30,59,0:0:0.5
Strassen,30,60,0:0:0.5
Strassen,30,61,0:0:0.5
Strassen,30,62,0:0:0.11
Strassen,30,63,0:0:0.5
Strassen,30,64,0:0:0.7
Strassen,30,65,0:0:0.19
Strassen,30,66,0:0:0.28
Strassen,30,67,0:0:0.21
Strassen,30,68,0:0:0.21
Strassen,30,69,0:0:0.20
Strassen,30,70,0:0:0.23
Strassen,30,71,0:0:0.26
Strassen,30,72,0:0:0.20
Strassen,30,73,0:0:0.20
Strassen,30,74,0:0:0.30
Strassen,30,75,0:0:0.18
Strassen,30,76,0:0:0.19
Strassen,30,77,0:0:0.18
Strassen,30,78,0:0:0.19
Strassen,30,79,0:0:0.19
Strassen,30,80,0:0:0.19
Strassen,30,81,0:0:0.21
Strassen,30,82,0:0:0.19
Strassen,30,83,0:0:0.19
Strassen,30,84,0:0:0.20
Strassen,30,85,0:0:0.19
Strassen,30,86,0:0:0.19
Strassen,30,87,0:0:0.21
Strassen,30,88,0:0:0.61
Strassen,30,89,0:0:0.20
Strassen,30,90,0:0:0.20
Strassen,30,91,0:0:0.20
Strassen,30,92,0:0:0.25
Strassen,30,93,0:0:0.19
Strassen,30,94,0:0:0.18
Strassen,30,95,0:0:0.27
Strassen,30,96,0:0:0.21
Strassen,30,97,0:0:0.20
Strassen,30,98,0:0:0.19
Strassen,30,99,0:0:0.23
Strassen,35,100,0:0:0.21
Strassen,35,101,0:0:0.16
Strassen,35,102,0:0:0.20
Strassen,35,103,0:0:0.17
Strassen,35,104,0:0:0.17
Strassen,35,105,0:0:0.33
Strassen,35,106,0:0:0.24
Strassen,35,107,0:0:0.16
Strassen,35,108,0:0:0.16
Strassen,35,109,0:0:0.16
Strassen,35,110,0:0:0.16
Strassen,35,111,0:0:0.22
Strassen,35,112,0:0:0.15
Strassen,35,113,0:0:0.21
Strassen,35,114,0:0:0.20
Strassen,35,115,0:0:0.16
Strassen,35,116,0:0:0.17
Strassen,35,117,0:0:0.16
Strassen,35,118,0:0:0.17
Strassen,35,119,0:0:0.19
Strassen,35,120,0:0:0.16
Strassen,35,121,0:0:0.16
Strassen,35,122,0:0:0.16
Strassen,35,123,0:0:0.16
Strassen,35,124,0:0:0.16
Strassen,35,125,0:0:0.18
Strassen,35,126,0:0:0.16
Strassen,35,127,0:0:0.17
Strassen,35,128,0:0:0.16
Strassen,35,129,0:0:0.102
Strassen,35,132,0:0:0.92
Strassen,35,135,0:0:0.83
Strassen,35,138,0:0:0.98
Strassen,35,141,0:0:0.88
Strassen,35,144,0:0:0.88
Strassen,35,147,0:0:0.101
Strassen,35,150,0:0:0.89
Strassen,35,153,0:0:0.105
Strassen,35,156,0:0:0.97
Strassen,35,159,0:0:0.90
Strassen,35,162,0:0:0.93
Strassen,35,165,0:0:0.89
Strassen,35,168,0:0:0.90
Strassen,35,171,0:0:0.130
Strassen,35,174,0:0:0.105
Strassen,35,177,0:0:0.108
Strassen,35,180,0:0:0.89
Strassen,35,183,0:0:0.148
Strassen,35,186,0:0:0.89
Strassen,35,189,0:0:0.87
Strassen,35,192,0:0:0.86
Strassen,35,195,0:0:0.89
Strassen,35,198,0:0:0.88
Strassen,35,201,0:0:0.87
Strassen,35,204,0:0:0.120
Strassen,35,207,0:0:0.143
Strassen,35,210,0:0:0.88
Strassen,35,213,0:0:0.87
Strassen,35,216,0:0:0.86
Strassen,35,219,0:0:0.94
Strassen,35,222,0:0:0.97
Strassen,35,225,0:0:0.124
Strassen,35,228,0:0:0.90
Strassen,35,231,0:0:0.113
Strassen,35,234,0:0:0.93
Strassen,35,237,0:0:0.88
Strassen,35,240,0:0:0.92
Strassen,35,243,0:0:0.91
Strassen,35,246,0:0:0.89
Strassen,35,249,0:0:0.87
Strassen,35,36,0:0:0.6
Strassen,35,37,0:0:0.6
Strassen,35,38,0:0:0.6
Strassen,35,39,0:0:0.6
Strassen,35,40,0:0:0.5
Strassen,35,41,0:0:0.6
Strassen,35,42,0:0:0.5
Strassen,35,43,0:0:0.5
Strassen,35,44,0:0:0.5
Strassen,35,45,0:0:0.6
Strassen,35,46,0:0:0.7
Strassen,35,47,0:0:0.8
Strassen,35,48,0:0:0.8
Strassen,35,49,0:0:0.7
Strassen,35,50,0:0:0.5
Strassen,35,51,0:0:0.5
Strassen,35,52,0:0:0.6
Strassen,35,53,0:0:0.9
Strassen,35,54,0:0:0.6
Strassen,35,55,0:0:0.9
Strassen,35,56,0:0:0.6
Strassen,35,57,0:0:0.6
Strassen,35,58,0:0:0.5
Strassen,35,59,0:0:0.7
Strassen,35,60,0:0:0.8
Strassen,35,61,0:0:0.9
Strassen,35,62,0:0:0.8
Strassen,35,63,0:0:0.7
Strassen,35,64,0:0:0.5
Strassen,35,65,0:0:0.18
Strassen,35,66,0:0:0.17
Strassen,35,67,0:0:0.17
Strassen,35,68,0:0:0.20
Strassen,35,69,0:0:0.24
Strassen,35,70,0:0:0.22
Strassen,35,71,0:0:0.31
Strassen,35,72,0:0:0.23
Strassen,35,73,0:0:0.18
Strassen,35,74,0:0:0.16
Strassen,35,75,0:0:0.15
Strassen,35,76,0:0:0.15
Strassen,35,77,0:0:0.16
Strassen,35,78,0:0:0.52
Strassen,35,79,0:0:0.16
Strassen,35,80,0:0:0.15
Strassen,35,81,0:0:0.32
Strassen,35,82,0:0:0.16
Strassen,35,83,0:0:0.17
Strassen,35,84,0:0:0.16
Strassen,35,85,0:0:0.15
Strassen,35,86,0:0:0.46
Strassen,35,87,0:0:0.21
Strassen,35,88,0:0:0.16
Strassen,35,89,0:0:0.28
Strassen,35,90,0:0:0.26
Strassen,35,91,0:0:0.16
Strassen,35,92,0:0:0.16
Strassen,35,93,0:0:0.16
Strassen,35,94,0:0:0.16
Strassen,35,95,0:0:0.16
Strassen,35,96,0:0:0.15
Strassen,35,97,0:0:0.74
Strassen,35,98,0:0:0.17
Strassen,35,99,0:0:0.19
Strassen,4,100,0:0:0.78
Strassen,4,101,0:0:0.80
Strassen,4,102,0:0:0.78
Strassen,4,103,0:0:0.83
Strassen,4,104,0:0:0.88
Strassen,4,105,0:0:0.80
Strassen,4,106,0:0:0.104
Strassen,4,107,0:0:0.81
Strassen,4,108,0:0:0.76
Strassen,4,109,0:0:0.79
Strassen,4,110,0:0:0.78
Strassen,4,111,0:0:0.82
Strassen,4,112,0:0:0.76
Strassen,4,113,0:0:0.76
Strassen,4,114,0:0:0.98
Strassen,4,115,0:0:0.77
Strassen,4,116,0:0:0.86
Strassen,4,117,0:0:0.76
Strassen,4,118,0:0:0.80
Strassen,4,119,0:0:0.84
Strassen,4,120,0:0:0.79
Strassen,4,121,0:0:0.79
Strassen,4,122,0:0:0.84
Strassen,4,123,0:0:0.78
Strassen,4,124,0:0:0.76
Strassen,4,125,0:0:0.75
Strassen,4,126,0:0:0.83
Strassen,4,127,0:0:0.78
Strassen,4,128,0:0:0.77
Strassen,4,129,0:0:0.558
Strassen,4,132,0:0:0.578
Strassen,4,135,0:0:0.557
Strassen,4,138,0:0:0.553
Strassen,4,141,0:0:0.567
Strassen,4,144,0:0:0.552
Strassen,4,147,0:0:0.534
Strassen,4,150,0:0:0.551
Strassen,4,153,0:0:0.569
Strassen,4,156,0:0:0.557
Strassen,4,159,0:0:0.601
Strassen,4,162,0:0:0.549
Strassen,4,165,0:0:0.553
Strassen,4,168,0:0:0.527
Strassen,4,171,0:0:0.530
Strassen,4,174,0:0:0.568
Strassen,4,177,0:0:0.544
Strassen,4,180,0:0:0.574
Strassen,4,183,0:0:0.542
Strassen,4,186,0:0:0.590
Strassen,4,189,0:0:0.527
Strassen,4,192,0:0:0.538
Strassen,4,195,0:0:0.527
Strassen,4,198,0:0:0.626
Strassen,4,201,0:0:0.579
Strassen,4,204,0:0:0.541
Strassen,4,207,0:0:0.565
Strassen,4,210,0:0:0.546
Strassen,4,213,0:0:0.626
Strassen,4,216,0:0:0.578
Strassen,4,219,0:0:0.548
Strassen,4,222,0:0:0.553
Strassen,4,225,0:0:0.532
Strassen,4,228,0:0:0.536
Strassen,4,231,0:0:0.565
Strassen,4,234,0:0:0.539
Strassen,4,237,0:0:0.604
Strassen,4,240,0:0:0.566
Strassen,4,243,0:0:0.536
Strassen,4,246,0:0:0.534
Strassen,4,249,0:0:0.543
Strassen,4,30,0:0:0.4
Strassen,4,31,0:0:0.3
Strassen,4,32,0:0:0.3
Strassen,4,33,0:0:0.15
Strassen,4,34,0:0:0.16
Strassen,4,35,0:0:0.16
Strassen,4,36,0:0:0.16
Strassen,4,37,0:0:0.16
Strassen,4,38,0:0:0.16
Strassen,4,39,0:0:0.16
Strassen,4,40,0:0:0.15
Strassen,4,41,0:0:0.16
Strassen,4,42,0:0:0.16
Strassen,4,43,0:0:0.15
Strassen,4,44,0:0:0.36
Strassen,4,45,0:0:0.15
Strassen,4,46,0:0:0.16
Strassen,4,47,0:0:0.15
Strassen,4,48,0:0:0.15
Strassen,4,49,0:0:0.17
Strassen,4,50,0:0:0.15
Strassen,4,51,0:0:0.13
Strassen,4,52,0:0:0.13
Strassen,4,53,0:0:0.16
Strassen,4,54,0:0:0.16
Strassen,4,55,0:0:0.16
Strassen,4,56,0:0:0.14
Strassen,4,57,0:0:0.14
Strassen,4,58,0:0:0.16
Strassen,4,59,0:0:0.16
Strassen,4,60,0:0:0.19
Strassen,4,61,0:0:0.13
Strassen,4,62,0:0:0.14
Strassen,4,63,0:0:0.14
Strassen,4,64,0:0:0.15
Strassen,4,65,0:0:0.81
Strassen,4,66,0:0:0.86
Strassen,4,67,0:0:0.87
Strassen,4,68,0:0:0.82
Strassen,4,69,0:0:0.83
Strassen,4,70,0:0:0.80
Strassen,4,71,0:0:0.82
Strassen,4,72,0:0:0.80
Strassen,4,73,0:0:0.82
Strassen,4,74,0:0:0.80
Strassen,4,75,0:0:0.96
Strassen,4,76,0:0:0.79
Strassen,4,77,0:0:0.79
Strassen,4,78,0:0:0.78
Strassen,4,79,0:0:0.77
Strassen,4,80,0:0:0.78
Strassen,4,81,0:0:0.81
Strassen,4,82,0:0:0.83
Strassen,4,83,0:0:0.79
Strassen,4,84,0:0:0.84
Strassen,4,85,0:0:0.80
Strassen,4,86,0:0:0.88
Strassen,4,87,0:0:0.81
Strassen,4,88,0:0:0.89
Strassen,4,89,0:0:0.78
Strassen,4,90,0:0:0.78
Strassen,4,91,0:0:0.77
Strassen,4,92,0:0:0.79
Strassen,4,93,0:0:0.78
Strassen,4,94,0:0:0.78
Strassen,4,95,0:0:0.78
Strassen,4,96,0:0:0.83
Strassen,4,97,0:0:0.113
Strassen,4,98,0:0:0.83
Strassen,4,99,0:0:0.77
Strassen,40,100,0:0:0.17
Strassen,40,101,0:0:0.16
Strassen,40,102,0:0:0.16
Strassen,40,103,0:0:0.18
Strassen,40,104,0:0:0.34
Strassen,40,105,0:0:0.17
Strassen,40,106,0:0:0.16
Strassen,40,107,0:0:0.15
Strassen,40,108,0:0:0.16
Strassen,40,109,0:0:0.17
Strassen,40,110,0:0:0.16
Strassen,40,111,0:0:0.16
Strassen,40,112,0:0:0.16
Strassen,40,113,0:0:0.16
Strassen,40,114,0:0:0.16
Strassen,40,115,0:0:0.15
Strassen,40,116,0:0:0.18
Strassen,40,117,0:0:0.17
Strassen,40,118,0:0:0.17
Strassen,40,119,0:0:0.22
Strassen,40,120,0:0:0.16
Strassen,40,121,0:0:0.21
Strassen,40,122,0:0:0.16
Strassen,40,123,0:0:0.18
Strassen,40,124,0:0:0.16
Strassen,40,125,0:0:0.16
Strassen,40,126,0:0:0.16
Strassen,40,127,0:0:0.18
Strassen,40,128,0:0:0.16
Strassen,40,129,0:0:0.88
Strassen,40,132,0:0:0.99
Strassen,40,135,0:0:0.91
Strassen,40,138,0:0:0.95
Strassen,40,141,0:0:0.88
Strassen,40,144,0:0:0.97
Strassen,40,147,0:0:0.94
Strassen,40,150,0:0:0.84
Strassen,40,153,0:0:0.86
Strassen,40,156,0:0:0.99
Strassen,40,159,0:0:0.92
Strassen,40,162,0:0:0.84
Strassen,40,165,0:0:0.90
Strassen,40,168,0:0:0.108
Strassen,40,171,0:0:0.91
Strassen,40,174,0:0:0.128
Strassen,40,177,0:0:0.111
Strassen,40,180,0:0:0.97
Strassen,40,183,0:0:0.88
Strassen,40,186,0:0:0.140
Strassen,40,189,0:0:0.98
Strassen,40,192,0:0:0.84
Strassen,40,195,0:0:0.85
Strassen,40,198,0:0:0.87
Strassen,40,201,0:0:0.95
Strassen,40,204,0:0:0.128
Strassen,40,207,0:0:0.88
Strassen,40,210,0:0:0.96
Strassen,40,213,0:0:0.89
Strassen,40,216,0:0:0.99
Strassen,40,219,0:0:0.89
Strassen,40,222,0:0:0.88
Strassen,40,225,0:0:0.85
Strassen,40,228,0:0:0.103
Strassen,40,231,0:0:0.89
Strassen,40,234,0:0:0.94
Strassen,40,237,0:0:0.90
Strassen,40,240,0:0:0.91
Strassen,40,243,0:0:0.102
Strassen,40,246,0:0:0.87
Strassen,40,249,0:0:0.99
Strassen,40,41,0:0:0.5
Strassen,40,42,0:0:0.10
Strassen,40,43,0:0:0.8
Strassen,40,44,0:0:0.5
Strassen,40,45,0:0:0.5
Strassen,40,46,0:0:0.8
Strassen,40,47,0:0:0.7
Strassen,40,48,0:0:0.7
Strassen,40,49,0:0:0.7
Strassen,40,50,0:0:0.5
Strassen,40,51,0:0:0.5
Strassen,40,52,0:0:0.5
Strassen,40,53,0:0:0.5
Strassen,40,54,0:0:0.8
Strassen,40,55,0:0:0.5
Strassen,40,56,0:0:0.5
Strassen,40,57,0:0:0.5
Strassen,40,58,0:0:0.5
Strassen,40,59,0:0:0.5
Strassen,40,60,0:0:0.5
Strassen,40,61,0:0:0.5
Strassen,40,62,0:0:0.5
Strassen,40,63,0:0:0.5
Strassen,40,64,0:0:0.5
Strassen,40,65,0:0:0.18
Strassen,40,66,0:0:0.17
Strassen,40,67,0:0:0.17
Strassen,40,68,0:0:0.19
Strassen,40,69,0:0:0.19
Strassen,40,70,0:0:0.18
Strassen,40,71,0:0:0.18
Strassen,40,72,0:0:0.22
Strassen,40,73,0:0:0.17
Strassen,40,74,0:0:0.16
Strassen,40,75,0:0:0.16
Strassen,40,76,0:0:0.15
Strassen,40,77,0:0:0.16
Strassen,40,78,0:0:0.16
Strassen,40,79,0:0:0.19
Strassen,40,80,0:0:0.15
Strassen,40,81,0:0:0.24
Strassen,40,82,0:0:0.18
Strassen,40,83,0:0:0.19
Strassen,40,84,0:0:0.15
Strassen,40,85,0:0:0.23
Strassen,40,86,0:0:0.15
Strassen,40,87,0:0:0.17
Strassen,40,88,0:0:0.16
Strassen,40,89,0:0:0.18
Strassen,40,90,0:0:0.19
Strassen,40,91,0:0:0.93
Strassen,40,92,0:0:0.15
Strassen,40,93,0:0:0.16
Strassen,40,94,0:0:0.16
Strassen,40,95,0:0:0.15
Strassen,40,96,0:0:0.16
Strassen,40,97,0:0:0.16
Strassen,40,98,0:0:0.15
Strassen,40,99,0:0:0.34
Strassen,45,100,0:0:0.16
Strassen,45,101,0:0:0.16
Strassen,45,102,0:0:0.15
Strassen,45,103,0:0:0.17
Strassen,45,104,0:0:0.17
Strassen,45,105,0:0:0.17
Strassen,45,106,0:0:0.17
Strassen,45,107,0:0:0.17
Strassen,45,108,0:0:0.15
Strassen,45,109,0:0:0.16
Strassen,45,110,0:0:0.18
Strassen,45,111,0:0:0.17
Strassen,45,112,0:0:0.16
Strassen,45,113,0:0:0.15
Strassen,45,114,0:0:0.16
Strassen,45,115,0:0:0.16
Strassen,45,116,0:0:0.17
Strassen,45,117,0:0:0.17
Strassen,45,118,0:0:0.17
Strassen,45,119,0:0:0.19
Strassen,45,120,0:0:0.29
Strassen,45,121,0:0:0.16
Strassen,45,122,0:0:0.17
Strassen,45,123,0:0:0.18
Strassen,45,124,0:0:0.17
Strassen,45,125,0:0:0.16
Strassen,45,126,0:0:0.17
Strassen,45,127,0:0:0.18
Strassen,45,128,0:0:0.16
Strassen,45,129,0:0:0.91
Strassen,45,132,0:0:0.84
Strassen,45,135,0:0:0.88
Strassen,45,138,0:0:0.87
Strassen,45,141,0:0:0.90
Strassen,45,144,0:0:0.100
Strassen,45,147,0:0:0.89
Strassen,45,150,0:0:0.100
Strassen,45,153,0:0:0.91
Strassen,45,156,0:0:0.98
Strassen,45,159,0:0:0.91
Strassen,45,162,0:0:0.91
Strassen,45,165,0:0:0.92
Strassen,45,168,0:0:0.87
Strassen,45,171,0:0:0.97
Strassen,45,174,0:0:0.95
Strassen,45,177,0:0:0.106
Strassen,45,180,0:0:0.92
Strassen,45,183,0:0:0.84
Strassen,45,186,0:0:0.145
Strassen,45,189,0:0:0.125
Strassen,45,192,0:0:0.87
Strassen,45,195,0:0:0.94
Strassen,45,198,0:0:0.95
Strassen,45,201,0:0:0.88
Strassen,45,204,0:0:0.95
Strassen,45,207,0:0:0.93
Strassen,45,210,0:0:0.91
Strassen,45,213,0:0:0.86
Strassen,45,216,0:0:0.89
Strassen,45,219,0:0:0.95
Strassen,45,222,0:0:0.93
Strassen,45,225,0:0:0.92
Strassen,45,228,0:0:0.87
Strassen,45,231,0:0:0.96
Strassen,45,234,0:0:0.91
Strassen,45,237,0:0:0.87
Strassen,45,240,0:0:0.89
Strassen,45,243,0:0:0.86
Strassen,45,246,0:0:0.86
Strassen,45,249,0:0:0.94
Strassen,45,46,0:0:0.8
Strassen,45,47,0:0:0.7
Strassen,45,48,0:0:0.8
Strassen,45,49,0:0:0.9
Strassen,45,50,0:0:0.5
Strassen,45,51,0:0:0.24
Strassen,45,52,0:0:0.5
Strassen,45,53,0:0:0.13
Strassen,45,54,0:0:0.6
Strassen,45,55,0:0:0.5
Strassen,45,56,0:0:0.6
Strassen,45,57,0:0:0.5
Strassen,45,58,0:0:0.6
Strassen,45,59,0:0:0.5
Strassen,45,60,0:0:0.8
Strassen,45,61,0:0:0.26
Strassen,45,62,0:0:0.5
Strassen,45,63,0:0:0.5
Strassen,45,64,0:0:0.5
Strassen,45,65,0:0:0.17
Strassen,45,66,0:0:0.17
Strassen,45,67,0:0:0.17
Strassen,45,68,0:0:0.29
Strassen,45,69,0:0:0.29
Strassen,45,70,0:0:0.22
Strassen,45,71,0:0:0.20
Strassen,45,72,0:0:0.19
Strassen,45,73,0:0:0.19
Strassen,45,74,0:0:0.18
Strassen,45,75,0:0:0.16
Strassen,45,76,0:0:0.16
Strassen,45,77,0:0:0.17
Strassen,45,78,0:0:0.18
Strassen,45,79,0:0:0.18
Strassen,45,80,0:0:0.16
Strassen,45,81,0:0:0.16
Strassen,45,82,0:0:0.16
Strassen,45,83,0:0:0.16
Strassen,45,84,0:0:0.16
Strassen,45,85,0:0:0.17
Strassen,45,86,0:0:0.50
Strassen,45,87,0:0:0.18
Strassen,45,88,0:0:0.17
Strassen,45,89,0:0:0.16
Strassen,45,90,0:0:0.19
Strassen,45,91,0:0:0.16
Strassen,45,92,0:0:0.15
Strassen,45,93,0:0:0.18
Strassen,45,94,0:0:0.16
Strassen,45,95,0:0:0.17
Strassen,45,96,0:0:0.16
Strassen,45,97,0:0:0.15
Strassen,45,98,0:0:0.16
Strassen,45,99,0:0:0.16
Strassen,5,100,0:0:0.87
Strassen,5,101,0:0:0.76
Strassen,5,102,0:0:0.81
Strassen,5,103,0:0:0.109
Strassen,5,104,0:0:0.79
Strassen,5,105,0:0:0.101
Strassen,5,106,0:0:0.101
Strassen,5,107,0:0:0.100
Strassen,5,108,0:0:0.78
Strassen,5,109,0:0:0.80
Strassen,5,110,0:0:0.83
Strassen,5,111,0:0:0.84
Strassen,5,112,0:0:0.80
Strassen,5,113,0:0:0.82
Strassen,5,114,0:0:0.77
Strassen,5,115,0:0:0.80
Strassen,5,116,0:0:0.77
Strassen,5,117,0:0:0.81
Strassen,5,118,0:0:0.78
Strassen,5,119,0:0:0.89
Strassen,5,120,0:0:0.76
Strassen,5,121,0:0:0.77
Strassen,5,122,0:0:0.75
Strassen,5,123,0:0:0.81
Strassen,5,124,0:0:0.77
Strassen,5,125,0:0:0.84
Strassen,5,126,0:0:0.80
Strassen,5,127,0:0:0.82
Strassen,5,128,0:0:0.80
Strassen,5,129,0:0:0.535
Strassen,5,132,0:0:0.549
Strassen,5,135,0:0:0.529
Strassen,5,138,0:0:0.606
Strassen,5,141,0:0:0.645
Strassen,5,144,0:0:0.584
Strassen,5,147,0:0:0.567
Strassen,5,150,0:0:0.560
Strassen,5,153,0:0:0.601
Strassen,5,156,0:0:0.533
Strassen,5,159,0:0:0.617
Strassen,5,162,0:0:0.560
Strassen,5,165,0:0:0.608
Strassen,5,168,0:0:0.567
Strassen,5,171,0:0:0.556
Strassen,5,174,0:0:0.557
Strassen,5,177,0:0:0.602
Strassen,5,180,0:0:0.591
Strassen,5,183,0:0:0.585
Strassen,5,186,0:0:0.525
Strassen,5,189,0:0:0.546
Strassen,5,192,0:0:0.591
Strassen,5,195,0:0:0.584
Strassen,5,198,0:0:0.566
Strassen,5,201,0:0:0.583
Strassen,5,204,0:0:0.578
Strassen,5,207,0:0:0.535
Strassen,5,210,0:0:0.553
Strassen,5,213,0:0:0.536
Strassen,5,216,0:0:0.622
Strassen,5,219,0:0:0.573
Strassen,5,222,0:0:0.543
Strassen,5,225,0:0:0.564
Strassen,5,228,0:0:0.583
Strassen,5,231,0:0:0.561
Strassen,5,234,0:0:0.530
Strassen,5,237,0:0:0.576
Strassen,5,240,0:0:0.546
Strassen,5,243,0:0:0.530
Strassen,5,246,0:0:0.561
Strassen,5,249,0:0:0.536
Strassen,5,30,0:0:0.4
Strassen,5,31,0:0:0.5
Strassen,5,32,0:0:0.3
Strassen,5,33,0:0:0.17
Strassen,5,34,0:0:0.15
Strassen,5,35,0:0:0.16
Strassen,5,36,0:0:0.17
Strassen,5,37,0:0:0.18
Strassen,5,38,0:0:0.16
Strassen,5,39,0:0:0.18
Strassen,5,40,0:0:0.16
Strassen,5,41,0:0:0.16
Strassen,5,42,0:0:0.15
Strassen,5,43,0:0:0.42
Strassen,5,44,0:0:0.14
Strassen,5,45,0:0:0.15
Strassen,5,46,0:0:0.15
Strassen,5,47,0:0:0.16
Strassen,5,48,0:0:0.19
Strassen,5,49,0:0:0.18
Strassen,5,50,0:0:0.13
Strassen,5,51,0:0:0.17
Strassen,5,52,0:0:0.13
Strassen,5,53,0:0:0.17
Strassen,5,54,0:0:0.14
Strassen,5,55,0:0:0.18
Strassen,5,56,0:0:0.17
Strassen,5,57,0:0:0.25
Strassen,5,58,0:0:0.14
Strassen,5,59,0:0:0.16
Strassen,5,60,0:0:0.14
Strassen,5,61,0:0:0.15
Strassen,5,62,0:0:0.15
Strassen,5,63,0:0:0.16
Strassen,5,64,0:0:0.26
Strassen,5,65,0:0:0.79
Strassen,5,66,0:0:0.81
Strassen,5,67,0:0:0.83
Strassen,5,68,0:0:0.81
Strassen,5,69,0:0:0.101
Strassen,5,70,0:0:0.98
Strassen,5,71,0:0:0.84
Strassen,5,72,0:0:0.85
Strassen,5,73,0:0:0.82
Strassen,5,74,0:0:0.133
Strassen,5,75,0:0:0.82
Strassen,5,76,0:0:0.88
Strassen,5,77,0:0:0.82
Strassen,5,78,0:0:0.78
Strassen,5,79,0:0:0.79
Strassen,5,80,0:0:0.76
Strassen,5,81,0:0:0.102
Strassen,5,82,0:0:0.79
Strassen,5,83,0:0:0.112
Strassen,5,84,0:0:0.78
Strassen,5,85,0:0:0.84
Strassen,5,86,0:0:0.78
Strassen,5,87,0:0:0.84
Strassen,5,88,0:0:0.86
Strassen,5,89,0:0:0.85
Strassen,5,90,0:0:0.82
Strassen,5,91,0:0:0.86
Strassen,5,92,0:0:0.81
Strassen,5,93,0:0:0.83
Strassen,5,94,0:0:0.99
Strassen,5,95,0:0:0.77
Strassen,5,96,0:0:0.86
Strassen,5,97,0:0:0.77
Strassen,5,98,0:0:0.79
Strassen,5,99,0:0:0.78
Strassen,50,100,0:0:0.18
Strassen,50,101,0:0:0.18
Strassen,50,102,0:0:0.17
Strassen,50,103,0:0:0.22
Strassen,50,104,0:0:0.17
Strassen,50,105,0:0:0.18
Strassen,50,106,0:0:0.16
Strassen,50,107,0:0:0.21
Strassen,50,108,0:0:0.16
Strassen,50,109,0:0:0.17
Strassen,50,110,0:0:0.16
Strassen,50,111,0:0:0.17
Strassen,50,112,0:0:0.17
Strassen,50,113,0:0:0.24
Strassen,50,114,0:0:0.26
Strassen,50,115,0:0:0.15
Strassen,50,116,0:0:0.19
Strassen,50,117,0:0:0.20
Strassen,50,118,0:0:0.17
Strassen,50,119,0:0:0.19
Strassen,50,120,0:0:0.16
Strassen,50,121,0:0:0.17
Strassen,50,122,0:0:0.16
Strassen,50,123,0:0:0.18
Strassen,50,124,0:0:0.17
Strassen,50,125,0:0:0.19
Strassen,50,126,0:0:0.17
Strassen,50,127,0:0:0.19
Strassen,50,128,0:0:0.19
Strassen,50,129,0:0:0.89
Strassen,50,132,0:0:0.89
Strassen,50,135,0:0:0.94
Strassen,50,138,0:0:0.86
Strassen,50,141,0:0:0.108
Strassen,50,144,0:0:0.95
Strassen,50,147,0:0:0.87
Strassen,50,150,0:0:0.87
Strassen,50,153,0:0:0.86
Strassen,50,156,0:0:0.88
Strassen,50,159,0:0:0.91
Strassen,50,162,0:0:0.88
Strassen,50,165,0:0:0.101
Strassen,50,168,0:0:0.94
Strassen,50,171,0:0:0.90
Strassen,50,174,0:0:0.95
Strassen,50,177,0:0:0.86
Strassen,50,180,0:0:0.92
Strassen,50,183,0:0:0.89
Strassen,50,186,0:0:0.94
Strassen,50,189,0:0:0.92
Strassen,50,192,0:0:0.85
Strassen,50,195,0:0:0.175
Strassen,50,198,0:0:0.88
Strassen,50,201,0:0:0.87
Strassen,50,204,0:0:0.90
Strassen,50,207,0:0:0.85
Strassen,50,210,0:0:0.86
Strassen,50,213,0:0:0.88
Strassen,50,216,0:0:0.98
Strassen,50,219,0:0:0.120
Strassen,50,222,0:0:0.96
Strassen,50,225,0:0:0.89
Strassen,50,228,0:0:0.90
Strassen,50,231,0:0:0.109
Strassen,50,234,0:0:0.87
Strassen,50,237,0:0:0.92
Strassen,50,240,0:0:0.88
Strassen,50,243,0:0:0.90
Strassen,50,246,0:0:0.89
Strassen,50,249,0:0:0.99
Strassen,50,51,0:0:0.5
Strassen,50,52,0:0:0.8
Strassen,50,53,0:0:0.5
Strassen,50,54,0:0:0.5
Strassen,50,55,0:0:0.6
Strassen,50,56,0:0:0.5
Strassen,50,57,0:0:0.5
Strassen,50,58,0:0:0.5
Strassen,50,59,0:0:0.6
Strassen,50,60,0:0:0.6
Strassen,50,61,0:0:0.5
Strassen,50,62,0:0:0.5
Strassen,50,63,0:0:0.5
Strassen,50,64,0:0:0.6
Strassen,50,65,0:0:0.17
Strassen,50,66,0:0:0.16
Strassen,50,67,0:0:0.17
Strassen,50,68,0:0:0.18
Strassen,50,69,0:0:0.18
Strassen,50,70,0:0:0.17
Strassen,50,71,0:0:0.19
Strassen,50,72,0:0:0.18
Strassen,50,73,0:0:0.17
Strassen,50,74,0:0:0.17
Strassen,50,75,0:0:0.31
Strassen,50,76,0:0:0.16
Strassen,50,77,0:0:0.23
Strassen,50,78,0:0:0.23
Strassen,50,79,0:0:0.35
Strassen,50,80,0:0:0.20
Strassen,50,81,0:0:0.16
Strassen,50,82,0:0:0.16
Strassen,50,83,0:0:0.16
Strassen,50,84,0:0:0.20
Strassen,50,85,0:0:0.19
Strassen,50,86,0:0:0.15
Strassen,50,87,0:0:0.19
Strassen,50,88,0:0:0.17
Strassen,50,89,0:0:0.16
Strassen,50,90,0:0:0.17
Strassen,50,91,0:0:0.16
Strassen,50,92,0:0:0.36
Strassen,50,93,0:0:0.34
Strassen,50,94,0:0:0.15
Strassen,50,95,0:0:0.20
Strassen,50,96,0:0:0.23
Strassen,50,97,0:0:0.16
Strassen,50,98,0:0:0.17
Strassen,50,99,0:0:0.18
Strassen,6,100,0:0:0.80
Strassen,6,101,0:0:0.80
Strassen,6,102,0:0:0.97
Strassen,6,103,0:0:0.78
Strassen,6,104,0:0:0.83
Strassen,6,105,0:0:0.78
Strassen,6,106,0:0:0.80
Strassen,6,107,0:0:0.83
Strassen,6,108,0:0:0.78
Strassen,6,109,0:0:0.80
Strassen,6,110,0:0:0.78
Strassen,6,111,0:0:0.81
Strassen,6,112,0:0:0.84
Strassen,6,113,0:0:0.76
Strassen,6,114,0:0:0.82
Strassen,6,115,0:0:0.81
Strassen,6,116,0:0:0.76
Strassen,6,117,0:0:0.81
Strassen,6,118,0:0:0.86
Strassen,6,119,0:0:0.86
Strassen,6,120,0:0:0.80
Strassen,6,121,0:0:0.83
Strassen,6,122,0:0:0.78
Strassen,6,123,0:0:0.82
Strassen,6,124,0:0:0.77
Strassen,6,125,0:0:0.78
Strassen,6,126,0:0:0.83
Strassen,6,127,0:0:0.80
Strassen,6,128,0:0:0.77
Strassen,6,129,0:0:0.510
Strassen,6,132,0:0:0.526
Strassen,6,135,0:0:0.533
Strassen,6,138,0:0:0.560
Strassen,6,141,0:0:0.547
Strassen,6,144,0:0:0.578
Strassen,6,147,0:0:0.563
Strassen,6,150,0:0:0.556
Strassen,6,153,0:0:0.573
Strassen,6,156,0:0:0.560
Strassen,6,159,0:0:0.564
Strassen,6,162,0:0:0.519
Strassen,6,165,0:0:0.579
Strassen,6,168,0:0:0.598
Strassen,6,171,0:0:0.543
Strassen,6,174,0:0:0.553
Strassen,6,177,0:0:0.537
Strassen,6,180,0:0:0.529
Strassen,6,183,0:0:0.539
Strassen,6,186,0:0:0.546
Strassen,6,189,0:0:0.538
Strassen,6,192,0:0:0.533
Strassen,6,195,0:0:0.551
Strassen,6,198,0:0:0.634
Strassen,6,201,0:0:0.544
Strassen,6,204,0:0:0.537
Strassen,6,207,0:0:0.531
Strassen,6,210,0:0:0.589
Strassen,6,213,0:0:0.569
Strassen,6,216,0:0:0.541
Strassen,6,219,0:0:0.586
Strassen,6,222,0:0:0.550
Strassen,6,225,0:0:0.602
Strassen,6,228,0:0:0.536
Strassen,6,231,0:0:0.584
Strassen,6,234,0:0:0.610
Strassen,6,237,0:0:0.655
Strassen,6,240,0:0:0.580
Strassen,6,243,0:0:0.539
Strassen,6,246,0:0:0.538
Strassen,6,249,0:0:0.550
Strassen,6,30,0:0:0.4
Strassen,6,31,0:0:0.3
Strassen,6,32,0:0:0.3
Strassen,6,33,0:0:0.20
Strassen,6,34,0:0:0.20
Strassen,6,35,0:0:0.16
Strassen,6,36,0:0:0.17
Strassen,6,37,0:0:0.17
Strassen,6,38,0:0:0.16
Strassen,6,39,0:0:0.15
Strassen,6,40,0:0:0.18
Strassen,6,41,0:0:0.16
Strassen,6,42,0:0:0.15
Strassen,6,43,0:0:0.18
Strassen,6,44,0:0:0.15
Strassen,6,45,0:0:0.17
Strassen,6,46,0:0:0.15
Strassen,6,47,0:0:0.15
Strassen,6,48,0:0:0.16
Strassen,6,49,0:0:0.15
Strassen,6,50,0:0:0.13
Strassen,6,51,0:0:0.14
Strassen,6,52,0:0:0.13
Strassen,6,53,0:0:0.14
Strassen,6,54,0:0:0.15
Strassen,6,55,0:0:0.13
Strassen,6,56,0:0:0.16
Strassen,6,57,0:0:0.14
Strassen,6,58,0:0:0.16
Strassen,6,59,0:0:0.14
Strassen,6,60,0:0:0.21
Strassen,6,61,0:0:0.16
Strassen,6,62,0:0:0.19
Strassen,6,63,0:0:0.14
Strassen,6,64,0:0:0.13
Strassen,6,65,0:0:0.80
Strassen,6,66,0:0:0.81
Strassen,6,67,0:0:0.83
Strassen,6,68,0:0:0.80
Strassen,6,69,0:0:0.82
Strassen,6,70,0:0:0.78
Strassen,6,71,0:0:0.81
Strassen,6,72,0:0:0.83
Strassen,6,73,0:0:0.110
Strassen,6,74,0:0:0.78
Strassen,6,75,0:0:0.90
Strassen,6,76,0:0:0.87
Strassen,6,77,0:0:0.82
Strassen,6,78,0:0:0.74
Strassen,6,79,0:0:0.77
Strassen,6,80,0:0:0.78
Strassen,6,81,0:0:0.87
Strassen,6,82,0:0:0.78
Strassen,6,83,0:0:0.81
Strassen,6,84,0:0:0.89
Strassen,6,85,0:0:0.87
Strassen,6,86,0:0:0.78
Strassen,6,87,0:0:0.77
Strassen,6,88,0:0:0.89
Strassen,6,89,0:0:0.84
Strassen,6,90,0:0:0.77
Strassen,6,91,0:0:0.77
Strassen,6,92,0:0:0.79
Strassen,6,93,0:0:0.89
Strassen,6,94,0:0:0.84
Strassen,6,95,0:0:0.80
Strassen,6,96,0:0:0.78
Strassen,6,97,0:0:0.85
Strassen,6,98,0:0:0.77
Strassen,6,99,0:0:0.83
Strassen,60,100,0:0:0.18
Strassen,60,101,0:0:0.16
Strassen,60,102,0:0:0.17
Strassen,60,103,0:0:0.17
Strassen,60,104,0:0:0.17
Strassen,60,105,0:0:0.18
Strassen,60,106,0:0:0.19
Strassen,60,107,0:0:0.16
Strassen,60,108,0:0:0.17
Strassen,60,109,0:0:0.15
Strassen,60,110,0:0:0.17
Strassen,60,111,0:0:0.18
Strassen,60,112,0:0:0.17
Strassen,60,113,0:0:0.17
Strassen,60,114,0:0:0.17
Strassen,60,115,0:0:0.16
Strassen,60,116,0:0:0.16
Strassen,60,117,0:0:0.17
Strassen,60,118,0:0:0.17
Strassen,60,119,0:0:0.18
Strassen,60,120,0:0:0.16
Strassen,60,121,0:0:0.18
Strassen,60,122,0:0:0.16
Strassen,60,123,0:0:0.17
Strassen,60,124,0:0:0.19
Strassen,60,125,0:0:0.17
Strassen,60,126,0:0:0.16
Strassen,60,127,0:0:0.17
Strassen,60,128,0:0:0.27
Strassen,60,129,0:0:0.85
Strassen,60,132,0:0:0.85
Strassen,60,135,0:0:0.96
Strassen,60,138,0:0:0.105
Strassen,60,141,0:0:0.101
Strassen,60,144,0:0:0.90
Strassen,60,147,0:0:0.92
Strassen,60,150,0:0:0.89
Strassen,60,153,0:0:0.95
Strassen,60,156,0:0:0.86
Strassen,60,159,0:0:0.88
Strassen,60,162,0:0:0.122
Strassen,60,165,0:0:0.89
Strassen,60,168,0:0:0.162
Strassen,60,171,0:0:0.88
Strassen,60,174,0:0:0.91
Strassen,60,177,0:0:0.88
Strassen,60,180,0:0:0.91
Strassen,60,183,0:0:0.97
Strassen,60,186,0:0:0.85
Strassen,60,189,0:0:0.89
Strassen,60,192,0:0:0.93
Strassen,60,195,0:0:0.91
Strassen,60,198,0:0:0.86
Strassen,60,201,0:0:0.90
Strassen,60,204,0:0:0.91
Strassen,60,207,0:0:0.86
Strassen,60,210,0:0:0.92
Strassen,60,213,0:0:0.85
Strassen,60,216,0:0:0.95
Strassen,60,219,0:0:0.88
Strassen,60,222,0:0:0.91
Strassen,60,225,0:0:0.142
Strassen,60,228,0:0:0.95
Strassen,60,231,0:0:0.91
Strassen,60,234,0:0:0.94
Strassen,60,237,0:0:0.91
Strassen,60,240,0:0:0.91
Strassen,60,243,0:0:0.93
Strassen,60,246,0:0:0.87
Strassen,60,249,0:0:0.88
Strassen,60,61,0:0:0.5
Strassen,60,62,0:0:0.5
Strassen,60,63,0:0:0.7
Strassen,60,64,0:0:0.5
Strassen,60,65,0:0:0.16
Strassen,60,66,0:0:0.19
Strassen,60,67,0:0:0.24
Strassen,60,68,0:0:0.17
Strassen,60,69,0:0:0.57
Strassen,60,70,0:0:0.31
Strassen,60,71,0:0:0.20
Strassen,60,72,0:0:0.18
Strassen,60,73,0:0:0.21
Strassen,60,74,0:0:0.16
Strassen,60,75,0:0:0.15
Strassen,60,76,0:0:0.16
Strassen,60,77,0:0:0.16
Strassen,60,78,0:0:0.28
Strassen,60,79,0:0:0.17
Strassen,60,80,0:0:0.18
Strassen,60,81,0:0:0.34
Strassen,60,82,0:0:0.16
Strassen,60,83,0:0:0.16
Strassen,60,84,0:0:0.20
Strassen,60,85,0:0:0.19
Strassen,60,86,0:0:0.17
Strassen,60,87,0:0:0.17
Strassen,60,88,0:0:0.17
Strassen,60,89,0:0:0.40
Strassen,60,90,0:0:0.20
Strassen,60,91,0:0:0.16
Strassen,60,92,0:0:0.15
Strassen,60,93,0:0:0.16
Strassen,60,94,0:0:0.23
Strassen,60,95,0:0:0.16
Strassen,60,96,0:0:0.16
Strassen,60,97,0:0:0.16
Strassen,60,98,0:0:0.18
Strassen,60,99,0:0:0.19
Strassen,7,100,0:0:0.82
Strassen,7,101,0:0:0.78
Strassen,7,102,0:0:0.78
Strassen,7,103,0:0:0.84
Strassen,7,104,0:0:0.79
Strassen,7,105,0:0:0.99
Strassen,7,106,0:0:0.84
Strassen,7,107,0:0:0.80
Strassen,7,108,0:0:0.81
Strassen,7,109,0:0:0.83
Strassen,7,110,0:0:0.77
Strassen,7,111,0:0:0.89
Strassen,7,112,0:0:0.85
Strassen,7,113,0:0:0.87
Strassen,7,114,0:0:0.78
Strassen,7,115,0:0:0.82
Strassen,7,116,0:0:0.80
Strassen,7,117,0:0:0.80
Strassen,7,118,0:0:0.83
Strassen,7,119,0:0:0.82
Strassen,7,120,0:0:0.76
Strassen,7,121,0:0:0.75
Strassen,7,122,0:0:0.77
Strassen,7,123,0:0:0.83
Strassen,7,124,0:0:0.86
Strassen,7,125,0:0:0.76
Strassen,7,126,0:0:0.81
Strassen,7,127,0:0:0.87
Strassen,7,128,0:0:0.77
Strassen,7,129,0:0:0.535
Strassen,7,132,0:0:0.573
Strassen,7,135,0:0:0.570
Strassen,7,138,0:0:0.557
Strassen,7,141,0:0:0.567
Strassen,7,144,0:0:0.606
Strassen,7,147,0:0:0.595
Strassen,7,150,0:0:0.564
Strassen,7,153,0:0:0.555
Strassen,7,156,0:0:0.556
Strassen,7,159,0:0:0.564
Strassen,7,162,0:0:0.563
Strassen,7,165,0:0:0.558
Strassen,7,168,0:0:0.575
Strassen,7,171,0:0:0.562
Strassen,7,174,0:0:0.561
Strassen,7,177,0:0:0.631
Strassen,7,180,0:0:0.596
Strassen,7,183,0:0:0.551
Strassen,7,186,0:0:0.591
Strassen,7,189,0:0:0.587
Strassen,7,192,0:0:0.588
Strassen,7,195,0:0:0.531
Strassen,7,198,0:0:0.585
Strassen,7,201,0:0:0.547
Strassen,7,204,0:0:0.615
Strassen,7,207,0:0:0.546
Strassen,7,210,0:0:0.542
Strassen,7,213,0:0:0.542
Strassen,7,216,0:0:0.581
Strassen,7,219,0:0:0.581
Strassen,7,222,0:0:0.533
Strassen,7,225,0:0:0.590
Strassen,7,228,0:0:0.592
Strassen,7,231,0:0:0.567
Strassen,7,234,0:0:0.552
Strassen,7,237,0:0:0.573
Strassen,7,240,0:0:0.566
Strassen,7,243,0:0:0.596
Strassen,7,246,0:0:0.521
Strassen,7,249,0:0:0.531
Strassen,7,30,0:0:0.12
Strassen,7,31,0:0:0.4
Strassen,7,32,0:0:0.3
Strassen,7,33,0:0:0.34
Strassen,7,34,0:0:0.16
Strassen,7,35,0:0:0.19
Strassen,7,36,0:0:0.20
Strassen,7,37,0:0:0.16
Strassen,7,38,0:0:0.15
Strassen,7,39,0:0:0.17
Strassen,7,40,0:0:0.15
Strassen,7,41,0:0:0.16
Strassen,7,42,0:0:0.15
Strassen,7,43,0:0:0.14
Strassen,7,44,0:0:0.27
Strassen,7,45,0:0:0.15
Strassen,7,46,0:0:0.96
Strassen,7,47,0:0:0.15
Strassen,7,48,0:0:0.16
Strassen,7,49,0:0:0.16
Strassen,7,50,0:0:0.15
Strassen,7,51,0:0:0.13
Strassen,7,52,0:0:0.14
Strassen,7,53,0:0:0.13
Strassen,7,54,0:0:0.14
Strassen,7,55,0:0:0.14
Strassen,7,56,0:0:0.14
Strassen,7,57,0:0:0.14
Strassen,7,58,0:0:0.73
Strassen,7,59,0:0:0.15
Strassen,7,60,0:0:0.16
Strassen,7,61,0:0:0.14
Strassen,7,62,0:0:0.15
Strassen,7,63,0:0:0.14
Strassen,7,64,0:0:0.14
Strassen,7,65,0:0:0.79
Strassen,7,66,0:0:0.87
Strassen,7,67,0:0:0.80
Strassen,7,68,0:0:0.191
Strassen,7,69,0:0:0.143
Strassen,7,70,0:0:0.85
Strassen,7,71,0:0:0.95
Strassen,7,72,0:0:0.84
Strassen,7,73,0:0:0.83
Strassen,7,74,0:0:0.89
Strassen,7,75,0:0:0.80
Strassen,7,76,0:0:0.84
Strassen,7,77,0:0:0.81
Strassen,7,78,0:0:0.89
Strassen,7,79,0:0:0.79
Strassen,7,80,0:0:0.81
Strassen,7,81,0:0:0.81
Strassen,7,82,0:0:0.81
Strassen,7,83,0:0:0.82
Strassen,7,84,0:0:0.109
Strassen,7,85,0:0:0.77
Strassen,7,86,0:0:0.104
Strassen,7,87,0:0:0.79
Strassen,7,88,0:0:0.84
Strassen,7,89,0:0:0.77
Strassen,7,90,0:0:0.84
Strassen,7,91,0:0:0.85
Strassen,7,92,0:0:0.79
Strassen,7,93,0:0:0.76
Strassen,7,94,0:0:0.80
Strassen,7,95,0:0:0.87
Strassen,7,96,0:0:0.80
Strassen,7,97,0:0:0.78
Strassen,7,98,0:0:0.84
Strassen,7,99,0:0:0.75
Strassen,70,100,0:0:0.17
Strassen,70,101,0:0:0.24
Strassen,70,102,0:0:0.17
Strassen,70,103,0:0:0.17
Strassen,70,104,0:0:0.16
Strassen,70,105,0:0:0.46
Strassen,70,106,0:0:0.16
Strassen,70,107,0:0:0.15
Strassen,70,108,0:0:0.16
Strassen,70,109,0:0:0.15
Strassen,70,110,0:0:0.16
Strassen,70,111,0:0:0.16
Strassen,70,112,0:0:0.15
Strassen,70,113,0:0:0.17
Strassen,70,114,0:0:0.17
Strassen,70,115,0:0:0.17
Strassen,70,116,0:0:0.17
Strassen,70,117,0:0:0.21
Strassen,70,118,0:0:0.17
Strassen,70,119,0:0:0.17
Strassen,70,120,0:0:0.15
Strassen,70,121,0:0:0.16
Strassen,70,122,0:0:0.16
Strassen,70,123,0:0:0.17
Strassen,70,124,0:0:0.15
Strassen,70,125,0:0:0.20
Strassen,70,126,0:0:0.19
Strassen,70,127,0:0:0.18
Strassen,70,128,0:0:0.17
Strassen,70,129,0:0:0.83
Strassen,70,132,0:0:0.88
Strassen,70,135,0:0:0.88
Strassen,70,138,0:0:0.84
Strassen,70,141,0:0:0.87
Strassen,70,144,0:0:0.97
Strassen,70,147,0:0:0.122
Strassen,70,150,0:0:0.99
Strassen,70,153,0:0:0.99
Strassen,70,156,0:0:0.83
Strassen,70,159,0:0:0.90
Strassen,70,162,0:0:0.92
Strassen,70,165,0:0:0.87
Strassen,70,168,0:0:0.86
Strassen,70,171,0:0:0.92
Strassen,70,174,0:0:0.87
Strassen,70,177,0:0:0.102
Strassen,70,180,0:0:0.89
Strassen,70,183,0:0:0.130
Strassen,70,186,0:0:0.86
Strassen,70,189,0:0:0.112
Strassen,70,192,0:0:0.87
Strassen,70,195,0:0:0.88
Strassen,70,198,0:0:0.125
Strassen,70,201,0:0:0.133
Strassen,70,204,0:0:0.85
Strassen,70,207,0:0:0.83
Strassen,70,210,0:0:0.87
Strassen,70,213,0:0:0.83
Strassen,70,216,0:0:0.86
Strassen,70,219,0:0:0.93
Strassen,70,222,0:0:0.93
Strassen,70,225,0:0:0.87
Strassen,70,228,0:0:0.95
Strassen,70,231,0:0:0.86
Strassen,70,234,0:0:0.100
Strassen,70,237,0:0:0.90
Strassen,70,240,0:0:0.84
Strassen,70,243,0:0:0.90
Strassen,70,246,0:0:0.102
Strassen,70,249,0:0:0.87
Strassen,70,71,0:0:0.17
Strassen,70,72,0:0:0.16
Strassen,70,73,0:0:0.17
Strassen,70,74,0:0:0.15
Strassen,70,75,0:0:0.19
Strassen,70,76,0:0:0.15
Strassen,70,77,0:0:0.19
Strassen,70,78,0:0:0.21
Strassen,70,79,0:0:0.21
Strassen,70,80,0:0:0.52
Strassen,70,81,0:0:0.20
Strassen,70,82,0:0:0.15
Strassen,70,83,0:0:0.35
Strassen,70,84,0:0:0.17
Strassen,70,85,0:0:0.25
Strassen,70,86,0:0:0.16
Strassen,70,87,0:0:0.16
Strassen,70,88,0:0:0.19
Strassen,70,89,0:0:0.19
Strassen,70,90,0:0:0.18
Strassen,70,91,0:0:0.15
Strassen,70,92,0:0:0.49
Strassen,70,93,0:0:0.16
Strassen,70,94,0:0:0.15
Strassen,70,95,0:0:0.15
Strassen,70,96,0:0:0.16
Strassen,70,97,0:0:0.15
Strassen,70,98,0:0:0.15
Strassen,70,99,0:0:0.19
Strassen,8,100,0:0:0.33
Strassen,8,101,0:0:0.39
Strassen,8,102,0:0:0.36
Strassen,8,103,0:0:0.32
Strassen,8,104,0:0:0.34
Strassen,8,105,0:0:0.41
Strassen,8,106,0:0:0.36
Strassen,8,107,0:0:0.40
Strassen,8,108,0:0:0.31
Strassen,8,109,0:0:0.31
Strassen,8,110,0:0:0.33
Strassen,8,111,0:0:0.31
Strassen,8,112,0:0:0.34
Strassen,8,113,0:0:0.31
Strassen,8,114,0:0:0.36
Strassen,8,115,0:0:0.35
Strassen,8,116,0:0:0.31
Strassen,8,117,0:0:0.31
Strassen,8,118,0:0:0.31
Strassen,8,119,0:0:0.36
Strassen,8,120,0:0:0.31
Strassen,8,121,0:0:0.30
Strassen,8,122,0:0:0.31
Strassen,8,123,0:0:0.32
Strassen,8,124,0:0:0.54
Strassen,8,125,0:0:0.30
Strassen,8,126,0:0:0.33
Strassen,8,127,0:0:0.34
Strassen,8,128,0:0:0.31
Strassen,8,129,0:0:0.203
Strassen,8,132,0:0:0.229
Strassen,8,135,0:0:0.206
Strassen,8,138,0:0:0.210
Strassen,8,141,0:0:0.213
Strassen,8,144,0:0:0.200
Strassen,8,147,0:0:0.204
Strassen,8,150,0:0:0.211
Strassen,8,153,0:0:0.212
Strassen,8,156,0:0:0.219
Strassen,8,159,0:0:0.228
Strassen,8,162,0:0:0.224
Strassen,8,165,0:0:0.214
Strassen,8,168,0:0:0.210
Strassen,8,171,0:0:0.220
Strassen,8,174,0:0:0.263
Strassen,8,177,0:0:0.203
Strassen,8,180,0:0:0.242
Strassen,8,183,0:0:0.213
Strassen,8,186,0:0:0.232
Strassen,8,189,0:0:0.210
Strassen,8,192,0:0:0.211
Strassen,8,195,0:0:0.216
Strassen,8,198,0:0:0.198
Strassen,8,201,0:0:0.226
Strassen,8,204,0:0:0.211
Strassen,8,207,0:0:0.212
Strassen,8,210,0:0:0.214
Strassen,8,213,0:0:0.204
Strassen,8,216,0:0:0.218
Strassen,8,219,0:0:0.216
Strassen,8,222,0:0:0.202
Strassen,8,225,0:0:0.201
Strassen,8,228,0:0:0.209
Strassen,8,231,0:0:0.205
Strassen,8,234,0:0:0.204
Strassen,8,237,0:0:0.211
Strassen,8,240,0:0:0.230
Strassen,8,243,0:0:0.214
Strassen,8,246,0:0:0.214
Strassen,8,249,0:0:0.207
Strassen,8,30,0:0:0.2
Strassen,8,31,0:0:0.2
Strassen,8,32,0:0:0.2
Strassen,8,33,0:0:0.9
Strassen,8,34,0:0:0.10
Strassen,8,35,0:0:0.14
Strassen,8,36,0:0:0.16
Strassen,8,37,0:0:0.9
Strassen,8,38,0:0:0.12
Strassen,8,39,0:0:0.14
Strassen,8,40,0:0:0.18
Strassen,8,41,0:0:0.9
Strassen,8,42,0:0:0.56
Strassen,8,43,0:0:0.11
Strassen,8,44,0:0:0.8
Strassen,8,45,0:0:0.13
Strassen,8,46,0:0:0.8
Strassen,8,47,0:0:0.8
Strassen,8,48,0:0:0.8
Strassen,8,49,0:0:0.8
Strassen,8,50,0:0:0.6
Strassen,8,51,0:0:0.6
Strassen,8,52,0:0:0.7
Strassen,8,53,0:0:0.7
Strassen,8,54,0:0:0.6
Strassen,8,55,0:0:0.6
Strassen,8,56,0:0:0.8
Strassen,8,57,0:0:0.7
Strassen,8,58,0:0:0.7
Strassen,8,59,0:0:0.9
Strassen,8,60,0:0:0.7
Strassen,8,61,0:0:0.8
Strassen,8,62,0:0:0.12
Strassen,8,63,0:0:0.10
Strassen,8,64,0:0:0.8
Strassen,8,65,0:0:0.32
Strassen,8,66,0:0:0.38
Strassen,8,67,0:0:0.44
Strassen,8,68,0:0:0.35
Strassen,8,69,0:0:0.32
Strassen,8,70,0:0:0.33
Strassen,8,71,0:0:0.35
Strassen,8,72,0:0:0.46
Strassen,8,73,0:0:0.35
Strassen,8,74,0:0:0.30
Strassen,8,75,0:0:0.33
Strassen,8,76,0:0:0.30
Strassen,8,77,0:0:0.40
Strassen,8,78,0:0:0.35
Strassen,8,79,0:0:0.30
Strassen,8,80,0:0:0.75
Strassen,8,81,0:0:0.33
Strassen,8,82,0:0:0.35
Strassen,8,83,0:0:0.55
Strassen,8,84,0:0:0.32
Strassen,8,85,0:0:0.39
Strassen,8,86,0:0:0.33
Strassen,8,87,0:0:0.35
Strassen,8,88,0:0:0.31
Strassen,8,89,0:0:0.32
Strassen,8,90,0:0:0.31
Strassen,8,91,0:0:0.61
Strassen,8,92,0:0:0.32
Strassen,8,93,0:0:0.31
Strassen,8,94,0:0:0.33
Strassen,8,95,0:0:0.32
Strassen,8,96,0:0:0.57
Strassen,8,97,0:0:0.30
Strassen,8,98,0:0:0.31
Strassen,8,99,0:0:0.49
Strassen,80,100,0:0:0.21
Strassen,80,101,0:0:0.18
Strassen,80,102,0:0:0.18
Strassen,80,103,0:0:0.16
Strassen,80,104,0:0:0.16
Strassen,80,105,0:0:0.16
Strassen,80,106,0:0:0.16
Strassen,80,107,0:0:0.16
Strassen,80,108,0:0:0.16
Strassen,80,109,0:0:0.22
Strassen,80,110,0:0:0.16
Strassen,80,111,0:0:0.16
Strassen,80,112,0:0:0.16
Strassen,80,113,0:0:0.17
Strassen,80,114,0:0:0.17
Strassen,80,115,0:0:0.18
Strassen,80,116,0:0:0.17
Strassen,80,117,0:0:0.17
Strassen,80,118,0:0:0.17
Strassen,80,119,0:0:0.16
Strassen,80,120,0:0:0.16
Strassen,80,121,0:0:0.15
Strassen,80,122,0:0:0.16
Strassen,80,123,0:0:0.16
Strassen,80,124,0:0:0.16
Strassen,80,125,0:0:0.15
Strassen,80,126,0:0:0.17
Strassen,80,127,0:0:0.19
Strassen,80,128,0:0:0.16
Strassen,80,129,0:0:0.87
Strassen,80,132,0:0:0.86
Strassen,80,135,0:0:0.83
Strassen,80,138,0:0:0.87
Strassen,80,141,0:0:0.88
Strassen,80,144,0:0:0.168
Strassen,80,147,0:0:0.85
Strassen,80,150,0:0:0.108
Strassen,80,153,0:0:0.84
Strassen,80,156,0:0:0.99
Strassen,80,159,0:0:0.100
Strassen,80,162,0:0:0.89
Strassen,80,165,0:0:0.86
Strassen,80,168,0:0:0.87
Strassen,80,171,0:0:0.84
Strassen,80,174,0:0:0.89
Strassen,80,177,0:0:0.129
Strassen,80,180,0:0:0.103
Strassen,80,183,0:0:0.86
Strassen,80,186,0:0:0.86
Strassen,80,189,0:0:0.94
Strassen,80,192,0:0:0.93
Strassen,80,195,0:0:0.84
Strassen,80,198,0:0:0.135
Strassen,80,201,0:0:0.109
Strassen,80,204,0:0:0.87
Strassen,80,207,0:0:0.89
Strassen,80,210,0:0:0.99
Strassen,80,213,0:0:0.81
Strassen,80,216,0:0:0.91
Strassen,80,219,0:0:0.92
Strassen,80,222,0:0:0.110
Strassen,80,225,0:0:0.88
Strassen,80,228,0:0:0.85
Strassen,80,231,0:0:0.87
Strassen,80,234,0:0:0.87
Strassen,80,237,0:0:0.87
Strassen,80,240,0:0:0.88
Strassen,80,243,0:0:0.91
Strassen,80,246,0:0:0.96
Strassen,80,249,0:0:0.85
Strassen,80,81,0:0:0.15
Strassen,80,82,0:0:0.26
Strassen,80,83,0:0:0.16
Strassen,80,84,0:0:0.46
Strassen,80,85,0:0:0.16
Strassen,80,86,0:0:0.17
Strassen,80,87,0:0:0.16
Strassen,80,88,0:0:0.17
Strassen,80,89,0:0:0.17
Strassen,80,90,0:0:0.16
Strassen,80,91,0:0:0.16
Strassen,80,92,0:0:0.16
Strassen,80,93,0:0:0.15
Strassen,80,94,0:0:0.29
Strassen,80,95,0:0:0.15
Strassen,80,96,0:0:0.16
Strassen,80,97,0:0:0.15
Strassen,80,98,0:0:0.17
Strassen,80,99,0:0:0.17
Strassen,9,100,0:0:0.33
Strassen,9,101,0:0:0.33
Strassen,9,102,0:0:0.32
Strassen,9,103,0:0:0.36
Strassen,9,104,0:0:0.31
Strassen,9,105,0:0:0.47
Strassen,9,106,0:0:0.31
Strassen,9,107,0:0:0.35
Strassen,9,108,0:0:0.31
Strassen,9,109,0:0:0.31
Strassen,9,110,0:0:0.42
Strassen,9,111,0:0:0.33
Strassen,9,112,0:0:0.32
Strassen,9,113,0:0:0.46
Strassen,9,114,0:0:0.32
Strassen,9,115,0:0:0.32
Strassen,9,116,0:0:0.32
Strassen,9,117,0:0:0.33
Strassen,9,118,0:0:0.35
Strassen,9,119,0:0:0.34
Strassen,9,120,0:0:0.30
Strassen,9,121,0:0:0.35
Strassen,9,122,0:0:0.32
Strassen,9,123,0:0:0.32
Strassen,9,124,0:0:0.32
Strassen,9,125,0:0:0.32
Strassen,9,126,0:0:0.33
Strassen,9,127,0:0:0.32
Strassen,9,128,0:0:0.33
Strassen,9,129,0:0:0.208
Strassen,9,132,0:0:0.201
Strassen,9,135,0:0:0.201
Strassen,9,138,0:0:0.217
Strassen,9,141,0:0:0.213
Strassen,9,144,0:0:0.235
Strassen,9,147,0:0:0.235
Strassen,9,150,0:0:0.208
Strassen,9,153,0:0:0.198
Strassen,9,156,0:0:0.222
Strassen,9,159,0:0:0.220
Strassen,9,162,0:0:0.223
Strassen,9,165,0:0:0.231
Strassen,9,168,0:0:0.247
Strassen,9,171,0:0:0.210
Strassen,9,174,0:0:0.207
Strassen,9,177,0:0:0.221
Strassen,9,180,0:0:0.219
Strassen,9,183,0:0:0.250
Strassen,9,186,0:0:0.243
Strassen,9,189,0:0:0.207
Strassen,9,192,0:0:0.226
Strassen,9,195,0:0:0.202
Strassen,9,198,0:0:0.198
Strassen,9,201,0:0:0.226
Strassen,9,204,0:0:0.226
Strassen,9,207,0:0:0.204
Strassen,9,210,0:0:0.203
Strassen,9,213,0:0:0.205
Strassen,9,216,0:0:0.272
Strassen,9,219,0:0:0.223
Strassen,9,222,0:0:0.248
Strassen,9,225,0:0:0.247
Strassen,9,228,0:0:0.245
Strassen,9,231,0:0:0.260
Strassen,9,234,0:0:0.222
Strassen,9,237,0:0:0.219
Strassen,9,240,0:0:0.210
Strassen,9,243,0:0:0.212
Strassen,9,246,0:0:0.210
Strassen,9,249,0:0:0.229
Strassen,9,30,0:0:0.2
Strassen,9,31,0:0:0.2
Strassen,9,32,0:0:0.2
Strassen,9,33,0:0:0.9
Strassen,9,34,0:0:0.9
Strassen,9,35,0:0:0.9
Strassen,9,36,0:0:0.8
Strassen,9,37,0:0:0.9
Strassen,9,38,0:0:0.9
Strassen,9,39,0:0:0.8
Strassen,9,40,0:0:0.9
Strassen,9,41,0:0:0.9
Strassen,9,42,0:0:0.8
Strassen,9,43,0:0:0.8
Strassen,9,44,0:0:0.8
Strassen,9,45,0:0:0.8
Strassen,9,46,0:0:0.8
Strassen,9,47,0:0:0.9
Strassen,9,48,0:0:0.8
Strassen,9,49,0:0:0.8
Strassen,9,50,0:0:0.6
Strassen,9,51,0:0:0.6
Strassen,9,52,0:0:0.6
Strassen,9,53,0:0:0.6
Strassen,9,54,0:0:0.6
Strassen,9,55,0:0:0.6
Strassen,9,56,0:0:0.11
Strassen,9,57,0:0:0.8
Strassen,9,58,0:0:0.14
Strassen,9,59,0:0:0.8
Strassen,9,60,0:0:0.8
Strassen,9,61,0:0:0.12
Strassen,9,62,0:0:0.7
Strassen,9,63,0:0:0.11
Strassen,9,64,0:0:0.7
Strassen,9,65,0:0:0.35
Strassen,9,66,0:0:0.35
Strassen,9,67,0:0:0.45
Strassen,9,68,0:0:0.43
Strassen,9,69,0:0:0.36
Strassen,9,70,0:0:0.39
Strassen,9,71,0:0:0.41
Strassen,9,72,0:0:0.31
Strassen,9,73,0:0:0.34
Strassen,9,74,0:0:0.32
Strassen,9,75,0:0:0.34
Strassen,9,76,0:0:0.31
Strassen,9,77,0:0:0.32
Strassen,9,78,0:0:0.31
Strassen,9,79,0:0:0.30
Strassen,9,80,0:0:0.30
Strassen,9,81,0:0:0.36
Strassen,9,82,0:0:0.31
Strassen,9,83,0:0:0.30
Strassen,9,84,0:0:0.33
Strassen,9,85,0:0:0.33
Strassen,9,86,0:0:0.90
Strassen,9,87,0:0:0.35
Strassen,9,88,0:0:0.39
Strassen,9,89,0:0:0.34
Strassen,9,90,0:0:0.50
Strassen,9,91,0:0:0.32
Strassen,9,92,0:0:0.32
Strassen,9,93,0:0:0.30
Strassen,9,94,0:0:0.31
Strassen,9,95,0:0:0.32
Strassen,9,96,0:0:0.31
Strassen,9,97,0:0:0.34
Strassen,9,98,0:0:0.31
Strassen,9,99,0:0:0.33
Strassen,90,100,0:0:0.18
Strassen,90,101,0:0:0.16
Strassen,90,102,0:0:0.19
Strassen,90,103,0:0:0.17
Strassen,90,104,0:0:0.16
Strassen,90,105,0:0:0.30
Strassen,90,106,0:0:0.16
Strassen,90,107,0:0:0.16
Strassen,90,108,0:0:0.17
Strassen,90,109,0:0:0.21
Strassen,90,110,0:0:0.16
Strassen,90,111,0:0:0.16
Strassen,90,112,0:0:0.16
Strassen,90,113,0:0:0.18
Strassen,90,114,0:0:0.17
Strassen,90,115,0:0:0.22
Strassen,90,116,0:0:0.20
Strassen,90,117,0:0:0.16
Strassen,90,118,0:0:0.16
Strassen,90,119,0:0:0.17
Strassen,90,120,0:0:0.19
Strassen,90,121,0:0:0.16
Strassen,90,122,0:0:0.15
Strassen,90,123,0:0:0.17
Strassen,90,124,0:0:0.15
Strassen,90,125,0:0:0.16
Strassen,90,126,0:0:0.17
Strassen,90,127,0:0:0.18
Strassen,90,128,0:0:0.17
Strassen,90,129,0:0:0.85
Strassen,90,132,0:0:0.90
Strassen,90,135,0:0:0.109
Strassen,90,138,0:0:0.92
Strassen,90,141,0:0:0.110
Strassen,90,144,0:0:0.151
Strassen,90,147,0:0:0.99
Strassen,90,150,0:0:0.85
Strassen,90,153,0:0:0.90
Strassen,90,156,0:0:0.90
Strassen,90,159,0:0:0.122
Strassen,90,162,0:0:0.93
Strassen,90,165,0:0:0.112
Strassen,90,168,0:0:0.84
Strassen,90,171,0:0:0.90
Strassen,90,174,0:0:0.89
Strassen,90,177,0:0:0.85
Strassen,90,180,0:0:0.86
Strassen,90,183,0:0:0.83
Strassen,90,186,0:0:0.93
Strassen,90,189,0:0:0.87
Strassen,90,192,0:0:0.87
Strassen,90,195,0:0:0.89
Strassen,90,198,0:0:0.116
Strassen,90,201,0:0:0.95
Strassen,90,204,0:0:0.91
Strassen,90,207,0:0:0.124
Strassen,90,210,0:0:0.91
Strassen,90,213,0:0:0.84
Strassen,90,216,0:0:0.88
Strassen,90,219,0:0:0.87
Strassen,90,222,0:0:0.92
Strassen,90,225,0:0:0.87
Strassen,90,228,0:0:0.85
Strassen,90,231,0:0:0.85
Strassen,90,234,0:0:0.86
Strassen,90,237,0:0:0.94
Strassen,90,240,0:0:0.86
Strassen,90,243,0:0:0.88
Strassen,90,246,0:0:0.99
Strassen,90,249,0:0:0.90
Strassen,90,91,0:0:0.17
Strassen,90,92,0:0:0.16
Strassen,90,93,0:0:0.31
Strassen,90,94,0:0:0.16
Strassen,90,95,0:0:0.16
Strassen,90,96,0:0:0.16
Strassen,90,97,0:0:0.15
Strassen,90,98,0:0:0.16
Strassen,90,99,0:0:0.18
